lane_id,origin_city,origin_state,dest_fc_id,distance_miles,lane_type,shipment_count,otp_rate,otd_rate,avg_dwell_minutes,defect_rate,avg_utilization,avg_cost_per_shipment,avg_cost_per_mile,total_cost
74,Charlotte,NC,ATL7,354.9,Short,4757,0.8919487071683835,1.0,61.514140542815056,0.014925373134328358,0.749112802186252,1306.3720075677948,3.680958037666371,6214411.64
135,Dallas,TX,DFW5,847.3,Mid,4739,0.8022789618062882,1.0,61.1046727195946,0.03249630723781388,0.7447307870858833,3002.28341000211,3.543353487551175,14227821.08
38,Chicago,IL,ATL7,333.2,Short,4735,0.8059134107708553,1.0,61.42113060016907,0.027243928194297783,0.745098268215417,1358.0325237592397,4.075727862422688,6430284.0
91,Indianapolis,IN,LGA9,1408.0,Mid,4727,0.890205204146393,1.0,59.93342155409698,0.01671250264438333,0.7454352020308864,4494.298614343135,3.1919734476868857,21244549.55
103,Charlotte,NC,RIC1,979.8,Mid,4717,0.8814924740301039,1.0,60.39003182011031,0.020775916896332413,0.7475164511341954,3133.6767564129746,3.198282053901791,14781553.26
126,Harrisburg,PA,ATL7,1460.9,Mid,4707,0.8874017420862546,1.0,59.17829325388379,0.021457403866581688,0.7454113023156999,4672.721652857446,3.1985225907710637,21994500.82
173,Kansas City,MO,IAD2,348.4,Short,4700,0.8872340425531915,1.0,59.25478158960155,0.015106382978723404,0.7469781489361701,1280.9015361702127,3.6765256491682337,6020237.22
218,Portland,OR,BWI1,367.3,Short,4682,0.8526270824434002,1.0,60.70259568099208,0.021999145664246048,0.7486294532251174,1437.9447244767193,3.9149053211998894,6732457.2
179,Harrisburg,PA,LGA9,1010.9,Mid,4682,0.8507048269970098,1.0,58.54144750908703,0.023707817172148656,0.7487803502776588,3436.983205894917,3.3999240339251324,16091955.37
201,Jacksonville,FL,BWI1,2209.4,Long,4674,0.8104407359863073,0.8722721437740694,59.80652108756155,0.044715447154471545,0.7474436670945659,7825.4752545999145,3.541900631212056,36576271.34
194,Jacksonville,FL,DFW5,940.5,Mid,4674,0.8795464270432178,1.0,59.797125107112265,0.018185708172871202,0.752315254599914,3008.5632605905007,3.1988976720792137,14062024.68
111,Denver,CO,LGA9,1543.5,Long,4673,0.889578429274556,1.0,60.10419486081372,0.026749411512946714,0.7465813182109994,4948.4343740637705,3.205982749636393,23124033.83
15,Cincinnati,OH,ATL7,815.8,Mid,4673,0.8510592766959126,1.0,59.83917558886511,0.02182751979456452,0.7450978172480208,2773.548018403595,3.399789186569741,12960789.89
137,Denver,CO,BWI1,516.9,Mid,4669,0.8894838295138146,1.0,61.29646213258955,0.01906189762261726,0.7471241593488968,1654.8000278432212,3.201392973192535,7726261.33
167,Indianapolis,IN,DFW5,1531.1,Long,4669,0.7494110087813236,1.0,59.77398197811629,0.048190190618976225,0.7512273506104087,5861.378025273078,3.8282137190732666,27366774.0
180,Salt Lake City,UT,BWI1,1950.4,Long,4668,0.8112682090831191,0.9805055698371894,59.871322898799306,0.043059125964010285,0.7454822407883459,6899.402553556127,3.5374295290997364,32206411.12
213,Seattle,WA,RIC1,347.2,Short,4663,0.8573879476731717,1.0,60.43589484978541,0.022088784044606475,0.7463187004074633,1356.3920673386233,3.906659180122761,6324856.21
40,Memphis,TN,ATL7,1486.0,Mid,4663,0.8979197941239545,1.0,60.14216970998928,0.017156337122024447,0.7506285438558871,4755.6955908213595,3.200333506609258,22175808.54
140,Charlotte,NC,DFW5,1793.5,Long,4662,0.9017589017589017,0.9957099957099957,60.459651912333484,0.024667524667524667,0.749760017160017,5737.29237022737,3.1989363647769,26747257.03
33,Newark,NJ,SBD2,1213.5,Mid,4660,0.8100858369098712,1.0,59.73825284395794,0.030257510729613735,0.7447177896995709,4295.483399141631,3.539747341690672,20016952.64
177,Philadelphia,PA,ATL7,1330.3,Mid,4659,0.8063962223653145,1.0,60.2318230620571,0.028976175144880875,0.7481677183945051,4713.587510195321,3.5432515298769602,21960604.21
36,Newark,NJ,BWI1,1462.8,Mid,4657,0.8516212153747047,1.0,59.150593165699554,0.025338200558299336,0.7464045093407774,4974.277914966717,3.400518126173582,23165212.25
43,Columbus,OH,SBD2,1133.0,Mid,4655,0.8058002148227712,1.0,60.68664803268114,0.033941997851772286,0.7496248979591839,4021.0937765843178,3.5490677639755677,18718191.53
70,Los Angeles,CA,ATL7,809.5,Mid,4654,0.8440051568543189,1.0,60.20983229413031,0.02170176192522561,0.7485664589600343,2753.358057584873,3.401307050753395,12814128.4
183,Seattle,WA,ATL7,988.3,Mid,4652,0.8897248495270851,1.0,60.841755216175514,0.01934651762682717,0.7443583619948406,3157.2467992261395,3.1946238988425972,14687512.11
144,St. Louis,MO,MDW3,2122.5,Long,4649,0.8808345880834588,0.9285867928586793,61.227453175457484,0.028393202839320283,0.7470733275973329,6777.399240696924,3.1931209614590927,31508129.07
175,Richmond,VA,DFW5,818.5,Mid,4649,0.8875026887502688,1.0,61.59021748492678,0.017853301785330178,0.7462190578619059,2620.531871370187,3.2016272099819014,12182852.67
61,Detroit,MI,RIC1,1594.0,Long,4643,0.8918802498384665,1.0,59.70535014005602,0.02196855481369804,0.7476333189748008,5103.331925479216,3.201588409961867,23694770.13
178,St. Louis,MO,IAD2,2236.8,Long,4642,0.8920723825937096,0.8539422662645412,62.56734109028226,0.023912106850495475,0.7485264541146056,7151.700756139595,3.197291110577429,33198194.91
99,Los Angeles,CA,BWI1,114.1,Short,4638,0.8865890470030185,1.0,60.85564119170985,0.016386373436826217,0.7488044631306598,420.0958171625701,3.681821359882297,1948404.4
66,Louisville,KY,BWI1,1509.5,Long,4635,0.8977346278317152,1.0,58.85793870062594,0.022869471413160734,0.7463684789644012,4836.65030420712,3.204140645383981,22417874.16
90,Milwaukee,WI,MDW3,1899.1,Long,4635,0.8064724919093851,0.9898597626752966,59.98185273159145,0.038619201725997844,0.7482739158576055,6732.816677454153,3.545267062005241,31206605.3
124,Detroit,MI,MDW3,90.4,Short,4635,0.8916936353829558,1.0,61.50193478730295,0.015318230852211435,0.7460444228694714,332.4129881337648,3.6771348244885496,1540734.2
79,Columbus,OH,DFW5,289.8,Short,4634,0.8569270608545533,1.0,60.71452993300195,0.02352179542511869,0.7470482520500646,1136.3820932239964,3.9212632616425003,5265994.62
69,St. Louis,MO,ATL7,707.6,Mid,4631,0.7546966098034982,1.0,59.872908383751096,0.03908443100842151,0.7470148564025048,2708.035700712589,3.827071369011573,12540913.33
63,Nashville,TN,BWI1,1691.9,Long,4631,0.855970632692723,0.999568127834161,62.29532627484875,0.03649319801338804,0.7473839775426475,5747.47059814295,3.397051006645161,26616536.34
195,Portland,OR,ATL7,1235.2,Mid,4629,0.8427306113631454,1.0,60.04272216216218,0.024195290559516094,0.7489690645927849,4196.285497947721,3.3972518603851367,19424605.57
48,Louisville,KY,MDW3,993.2,Mid,4628,0.8126620570440796,1.0,60.53413405405405,0.02484874675885912,0.7532115384615387,3519.2559248055313,3.5433507096310213,16287116.42
148,Detroit,MI,IAD2,2197.2,Long,4628,0.8895851339671564,0.8828867761452031,59.766317041522484,0.024632670700086432,0.7478213267070012,7028.483230337079,3.198836350963535,32527820.39
217,Harrisburg,PA,SBD2,262.7,Short,4626,0.896887159533074,1.0,59.109272884657,0.01880674448767834,0.7476768914829225,966.9771249459576,3.680917871891731,4473236.18
60,Houston,TX,ATL7,1322.2,Mid,4625,0.8830270270270271,1.0,60.61429870129869,0.015567567567567567,0.7478843459459456,4229.267669189189,3.1986595592113067,19560362.97
84,Kansas City,MO,SBD2,1699.6,Long,4625,0.8577297297297297,0.9987027027027027,60.644222943722944,0.032432432432432434,0.7441500324324323,5781.2232389189185,3.4015199099311118,26738157.48
122,Charlotte,NC,BWI1,1875.0,Long,4623,0.8100800346095609,0.9913476097772009,60.135700064921025,0.037854207224745834,0.7490720095176293,6646.947800129786,3.545038826735886,30728839.68
182,Richmond,VA,LGA9,963.3,Mid,4621,0.8959099761956286,1.0,59.593835824128234,0.02380437134819303,0.7480513741614366,3078.5354533650725,3.195822125366007,14225912.33
101,San Antonio,TX,RIC1,2389.5,Long,4620,0.8422077922077922,0.7127705627705627,61.437837194197876,0.03636363636363636,0.7463520346320341,8124.713329004329,3.4001729771936926,37536175.58
221,Birmingham,AL,LGA9,1371.0,Mid,4618,0.8118233001299264,1.0,60.571193674176776,0.03161541792983976,0.7475082070160246,4861.518919445647,3.545965659697772,22450494.37
184,Kansas City,MO,MDW3,677.2,Mid,4615,0.8459371614301192,1.0,60.175885416666674,0.02210184182015168,0.7476681690140845,2303.780299024919,3.401920110786943,10631946.08
96,Columbus,OH,MDW3,1906.8,Long,4614,0.8894668400520156,0.9852622453402687,60.64476231821143,0.02102297355873429,0.7479665583008235,6095.765264412657,3.196856127759942,28125860.93
152,Richmond,VA,SBD2,1748.8,Long,4613,0.8957294602211142,0.9971818773032733,60.86698305821026,0.026013440277476697,0.7495680468241925,5597.13940385866,3.2005600433775507,25819604.07
181,Richmond,VA,RIC1,1225.3,Mid,4612,0.8503902862098872,1.0,59.77705014108963,0.02298352124891587,0.7468245663486557,4166.342434952298,3.4002631477616085,19215171.31
193,Milwaukee,WI,BWI1,2160.5,Long,4612,0.808326105810928,0.909366869037294,59.246250813625494,0.04379878577623591,0.7477652428447528,7653.89643538595,3.542650513948599,35299770.36
54,Houston,TX,MDW3,973.4,Mid,4611,0.8093689004554326,1.0,60.37224658128932,0.032314031663413574,0.7490023422251139,3448.0457492951637,3.542270134883054,15898938.95
205,Indianapolis,IN,MDW3,1526.6,Long,4610,0.886117136659436,1.0,60.16058861859252,0.025162689804772233,0.745272104121475,4891.495019522777,3.2041759593362866,22549792.04
53,Memphis,TN,RIC1,2069.6,Long,4607,0.853700889950076,0.9537660082483178,60.44193352161632,0.034512698068157155,0.7454457781636643,7030.174408508791,3.3968759221631193,32388013.5
24,Dallas,TX,BWI1,639.1,Mid,4606,0.8458532349109856,1.0,60.00361877852641,0.02301346070343031,0.7473838037342595,2173.591341728181,3.4010191546364905,10011561.72
156,Phoenix,AZ,BWI1,2359.1,Long,4604,0.8549087749782798,0.7415291051259774,60.00009565217391,0.0288879235447437,0.7469663119026936,8013.009120330148,3.396638175715378,36891893.99
110,Detroit,MI,LGA9,1237.3,Mid,4604,0.8900955690703736,1.0,60.23337388659571,0.01672458731537793,0.7456218288444831,3955.1211815812335,3.1965741385122723,18209377.92
200,Minneapolis,MN,LGA9,1303.7,Mid,4603,0.8815989572018249,1.0,59.08199565217391,0.01672822072561373,0.7483702585270477,4171.7264240712575,3.199912881852618,19202456.73
73,Newark,NJ,LGA9,2369.0,Long,4603,0.8049098414077775,0.7349554638279383,60.27027168006954,0.03932218118618292,0.7484248533565065,8411.054614381925,3.5504662787597825,38716084.39
174,Portland,OR,RIC1,241.6,Short,4602,0.8568013906996957,1.0,59.656974113552316,0.022381573229030855,0.7458212516297262,945.2114819643633,3.9122991803160727,4349863.24
199,Salt Lake City,UT,MDW3,601.3,Mid,4602,0.8959148196436332,1.0,61.843400043506634,0.017601043024771838,0.7482711429813125,1921.0012277270753,3.194746761561742,8840447.65
93,Newark,NJ,DFW5,1028.4,Mid,4600,0.8047826086956522,1.0,60.46480618466901,0.034782608695652174,0.7469950434782611,3650.929541304348,3.550106516243045,16794275.89
51,Detroit,MI,ATL7,2352.6,Long,4598,0.8508046976946498,0.7409743366681165,60.11693295602961,0.03023053501522401,0.7462248803827748,7995.651404958678,3.398644650581772,36764005.16
35,Louisville,KY,IAD2,325.7,Short,4597,0.851859908636067,1.0,61.75041167501634,0.02436371546660866,0.7482696976288882,1273.0668827496193,3.9087101097624175,5852288.46
155,San Antonio,TX,LGA9,1593.8,Long,4597,0.8074831411790298,1.0,60.565950773252,0.04524690015227322,0.7470279095061996,5652.141148575158,3.5463302475688026,25982892.86
21,Memphis,TN,SBD2,813.0,Mid,4595,0.8946681175190424,1.0,59.92814257684761,0.017410228509249184,0.7504099673558212,2599.862626768226,3.1978630095550136,11946368.77
131,Cincinnati,OH,RIC1,1898.5,Long,4589,0.8548703421224668,0.9915014164305949,59.647017237617284,0.029418173894094575,0.7482679232948354,6448.795375898889,3.3967845013952536,29593521.98
188,Phoenix,AZ,LGA9,2251.2,Long,4586,0.8552115133013519,0.847361535106847,60.90317397948045,0.03728739642389882,0.7475641953772352,7652.9955342346275,3.3995182721369175,35096637.52
5,Houston,TX,DFW5,2255.8,Long,4584,0.8880890052356021,0.8392233856893543,59.96151746724892,0.02530541012216405,0.7433691753926701,7210.372883944154,3.1963706374431036,33052349.3
203,Seattle,WA,SBD2,850.6,Mid,4583,0.8457342352171067,1.0,59.571866812227064,0.025310931704123935,0.7494684049749075,2892.034383591534,3.399993397121483,13254193.58
117,Nashville,TN,SBD2,883.9,Mid,4583,0.8156229543966834,1.0,60.96175327510919,0.029456687759109753,0.7495051931049534,3131.044959633428,3.5423067763699834,14349579.05
31,Cincinnati,OH,IAD2,1739.7,Long,4582,0.8919685726756875,0.9986905281536447,61.6186604020979,0.024879965080750764,0.7500360759493668,5561.792285028372,3.1969835517781062,25484132.25
176,Minneapolis,MN,SBD2,436.2,Short,4581,0.8919449901768173,1.0,61.366920891608395,0.020301244269810084,0.747151866404715,1604.2092010478061,3.6776918868587942,7348882.35
85,Philadelphia,PA,LGA9,548.1,Mid,4581,0.8384632176380703,1.0,61.19868662587414,0.023139052608600743,0.7493760532634797,1865.2020366732154,3.403032360286837,8544490.53
187,Indianapolis,IN,RIC1,1080.1,Mid,4580,0.854585152838428,1.0,58.64875054609001,0.023362445414847163,0.7520007641921399,3664.4798034934497,3.3927227140944827,16783317.5
105,Philadelphia,PA,IAD2,2374.8,Long,4579,0.8877484166848657,0.733784669141734,58.593746448087394,0.021838829438742085,0.7459623935357065,7593.908855645337,3.1977045880265025,34772508.65
95,Dallas,TX,LGA9,1408.1,Mid,4579,0.8903690762175147,1.0,60.49203938730856,0.018781393317318193,0.7446523258353352,4500.424544660406,3.1960972549253652,20607443.99
143,Birmingham,AL,MDW3,374.4,Short,4579,0.886874863507316,1.0,58.9346863387978,0.017689451845381086,0.7509356409696438,1377.6537977724395,3.6796308701186953,6308276.74
108,Indianapolis,IN,ATL7,1586.0,Long,4579,0.8947368421052632,1.0,60.51394535519124,0.02664337191526534,0.7484044987988645,5078.089181043896,3.2018216778334776,23252570.36
8,Newark,NJ,RIC1,130.1,Short,4578,0.8997378768020969,1.0,59.594495192307676,0.019222367846221056,0.7466652468326781,478.5584927916121,3.6783896448240747,2190840.78
216,Raleigh,NC,DFW5,1143.4,Mid,4578,0.8973350808213194,1.0,60.71700087565673,0.019222367846221056,0.744824377457405,3650.6280559196157,3.1927829770155816,16712575.24
6,Louisville,KY,LGA9,1178.5,Mid,4576,0.8806818181818182,1.0,60.1808822241681,0.015734265734265736,0.7473021853146852,3773.4737106643356,3.2019293259773747,17267415.7
20,Nashville,TN,ATL7,2152.8,Long,4576,0.847027972027972,0.9176136363636364,60.299864243485885,0.035402097902097904,0.7478447333916084,7318.521569055944,3.399536217510193,33489554.7
119,Cincinnati,OH,DFW5,1368.7,Mid,4575,0.8955191256830601,1.0,58.81701355487539,0.018360655737704918,0.7502147978142076,4382.155219672131,3.201691546483621,20048360.13
27,Minneapolis,MN,IAD2,535.7,Mid,4575,0.7621857923497267,1.0,60.88325673013791,0.04349726775956284,0.7470745573770492,2053.3359475409834,3.8329959819693546,9394011.96
169,Denver,CO,SBD2,2036.5,Long,4574,0.8887188456493222,0.9606471359860078,60.55721042259688,0.02710975076519458,0.7451992566681241,6513.808410581548,3.198531014280162,29794159.67
13,Chicago,IL,MDW3,614.1,Mid,4572,0.7405949256342957,1.0,61.011794310722095,0.04286964129483815,0.7480685258092742,2352.7068985126857,3.831146227833718,10756575.94
62,Cincinnati,OH,MDW3,1548.4,Long,4571,0.7446948151389192,0.9997812294902647,61.001186514886165,0.054473856924086635,0.7505280901334499,5930.695149857799,3.8302086992106683,27109207.53
109,Phoenix,AZ,MDW3,1442.1,Mid,4571,0.8381098227958871,1.0,59.261578025826225,0.022533362502734633,0.7496238459855612,4900.96640341282,3.398492755989751,22402317.43
89,St. Louis,MO,BWI1,1726.2,Long,4570,0.8452954048140043,0.9986870897155361,60.18584008762322,0.036323851203501095,0.7465053172866523,5869.203529540481,3.400071561545872,26822260.13
223,Harrisburg,PA,MDW3,453.6,Short,4569,0.8507332020135697,1.0,61.29566046002192,0.02144889472532283,0.7493105931275991,1772.391411687459,3.9073884737377833,8098056.36
118,Raleigh,NC,ATL7,2348.8,Long,4569,0.8087108776537536,0.7469905887502736,59.68130701754387,0.041146859268986646,0.7491942000437736,8331.655789012913,3.547196776657404,38067335.3
97,St. Louis,MO,DFW5,2216.9,Long,4569,0.8958196541912892,0.8688991026482819,59.5147423810568,0.024075289997811337,0.7507741081199385,7083.104320420223,3.195049086751872,32362703.64
17,Dallas,TX,RIC1,2251.6,Long,4567,0.8839500766367419,0.8379680315305452,58.873675794085436,0.023209984672651632,0.7469917451280931,7207.15432231224,3.2009035007604556,32915073.79
185,Jacksonville,FL,ATL7,515.3,Mid,4567,0.8456317057149113,1.0,61.34224292918222,0.024742719509524853,0.7491585285745567,1752.62985329538,3.401183491743412,8004260.54
2,Los Angeles,CA,SBD2,1450.9,Mid,4567,0.8780380994088023,1.0,59.6629385964912,0.01926866652069192,0.7480977446901687,4647.414972629735,3.203125627286329,21224744.18
222,Raleigh,NC,MDW3,285.2,Short,4567,0.8493540617473178,1.0,61.4407950065703,0.026056492226844755,0.7475214801839282,1115.7003196846945,3.9119927057668122,5095403.36
86,Memphis,TN,MDW3,1541.6,Long,4566,0.8447218572054315,0.9995619798510732,60.33362760131436,0.03745072273324573,0.7495161410424882,5239.28638195357,3.3986029981535872,23922581.62
159,Salt Lake City,UT,LGA9,2159.0,Long,4566,0.8477879982479194,0.9128339903635567,61.632611367127495,0.0319754708716601,0.7460251642575559,7338.180527814279,3.398879355171042,33506132.29
87,Detroit,MI,DFW5,440.1,Short,4565,0.8865279299014239,1.0,59.92015566761674,0.02190580503833516,0.7496878641840088,1621.8924578313254,3.685281658330664,7403939.07
170,Kansas City,MO,ATL7,1195.0,Mid,4565,0.8849945235487404,1.0,61.02440886159245,0.017524644030668127,0.746509879518072,3824.5093493975905,3.200426233805515,17458885.18
172,Los Angeles,CA,IAD2,1930.2,Long,4564,0.8913234005258545,0.9846625766871165,59.73796446589163,0.022787028921998246,0.7463305214723928,6153.90768624014,3.1882228195213647,28086434.68
59,Salt Lake City,UT,DFW5,2205.9,Long,4564,0.8418054338299737,0.8757668711656442,61.402167617376044,0.03396143733567047,0.746535823838738,7495.397933829974,3.397886546910545,34208996.17
209,Phoenix,AZ,IAD2,1354.8,Mid,4563,0.8091168091168092,1.0,58.82185347663963,0.0267367959675652,0.7444717510409817,4802.847308788078,3.54506001534402,21915392.27
220,Birmingham,AL,IAD2,1968.3,Long,4563,0.8542625465702389,0.9783037475345168,58.73785620341956,0.033968880122726273,0.7478168967784352,6697.772522463291,3.4028209736642245,30561936.02
115,Jacksonville,FL,MDW3,2091.0,Long,4560,0.8918859649122807,0.9480263157894737,59.33286153170944,0.02631578947368421,0.7469902850877195,6679.092254385965,3.1942095908110764,30456660.68
210,Seattle,WA,MDW3,2225.9,Long,4560,0.8848684210526315,0.8605263157894737,60.70508229098092,0.025219298245614034,0.7463425657894737,7127.021638157895,3.2018606577824222,32499218.67
127,Denver,CO,IAD2,391.7,Short,4560,0.8484649122807018,1.0,59.99327699736611,0.022149122807017543,0.7466065789473683,1530.731302631579,3.9079175456512107,6980134.74
163,Seattle,WA,DFW5,1764.7,Long,4557,0.8520956769804696,0.9984639016897081,60.11726015367728,0.031599736668861095,0.7481748957647575,5998.557895545315,3.3991941381228057,27335428.33
65,San Antonio,TX,IAD2,1457.3,Mid,4555,0.8928649835345774,1.0,61.067995163772245,0.015587266739846322,0.7494644785949508,4662.3402766191,3.199300265298223,21236959.96
215,Salt Lake City,UT,SBD2,810.1,Mid,4554,0.8104962670180061,1.0,60.42105321020229,0.03140096618357488,0.7487066534914362,2868.8684914361,3.5413757455080854,13064827.11
7,Dallas,TX,SBD2,1288.0,Mid,4553,0.8838128706347463,1.0,60.174416098526514,0.019547551065231716,0.7524611684603558,4116.71150669888,3.1962045859463353,18743387.49
142,Memphis,TN,BWI1,89.3,Short,4553,0.8831539644190644,1.0,61.467770938667826,0.016911926202503844,0.7487817043707445,328.6930463430705,3.680773195331138,1496539.44
41,Minneapolis,MN,ATL7,1037.2,Mid,4553,0.8073797496156381,1.0,60.17188036067738,0.028772238084779266,0.7458056665934549,3673.991403470239,3.542220790079289,16727682.86
49,Los Angeles,CA,DFW5,1250.5,Mid,4553,0.8082582912365474,1.0,59.65367495051682,0.032725675378871076,0.7509408741489126,4433.0940171315615,3.545057190828917,20183877.06
121,Chicago,IL,RIC1,1646.7,Long,4552,0.843804920913884,0.999780316344464,60.122906772207536,0.035588752196836555,0.7464983743409488,5603.300681019332,3.4027452972729284,25506224.7
113,Milwaukee,WI,DFW5,1519.2,Long,4552,0.7954745166959578,1.0,59.89149549153285,0.04569420035149385,0.7471304042179264,5386.852376977153,3.545848062781169,24520952.02
132,Newark,NJ,ATL7,2387.7,Long,4552,0.8367750439367311,0.7111159929701231,59.858939960413466,0.03734622144112478,0.7494578427065024,8114.578429261863,3.3984916150529223,36937561.01
116,Columbus,OH,LGA9,2364.2,Long,4551,0.8516809492419248,0.7404965941551307,60.43731648351649,0.03537684025488903,0.7495833003735445,8028.491072291804,3.3958595179307185,36537662.87
14,Chicago,IL,SBD2,1367.3,Mid,4551,0.8934300153812349,1.0,61.24552012315813,0.018018018018018018,0.7481966381015162,4369.697745550428,3.1958588060779847,19886494.44
52,Kansas City,MO,DFW5,1887.3,Long,4550,0.8076923076923077,0.9903296703296703,60.10087310314494,0.03736263736263736,0.7510396923076924,6680.493958241758,3.5397096159814345,30396247.51
130,Minneapolis,MN,BWI1,1382.7,Mid,4550,0.8912087912087913,1.0,60.342148360114464,0.02131868131868132,0.7457376483516487,4429.74614945055,3.203692883091451,20155344.98
168,Richmond,VA,MDW3,1670.2,Long,4548,0.8399296394019349,0.9993403693931399,61.18824279744888,0.03144239226033421,0.7446806288478452,5679.321387423043,3.400384018334955,25829553.67
19,Birmingham,AL,BWI1,2148.7,Long,4547,0.8900373872883219,0.909830657576424,59.69134509371553,0.026391027050802728,0.7475639102705081,6874.413103144931,3.1993359255107428,31257956.38
57,Los Angeles,CA,RIC1,839.8,Mid,4547,0.8862986584561249,1.0,61.4866145718688,0.016494391906751706,0.746750274906532,2691.9879876841874,3.2055108212481382,12240469.38
83,Indianapolis,IN,BWI1,1939.4,Long,4546,0.8950725912890453,0.9883413990321162,59.787517621145376,0.026176858776946768,0.7434691377034757,6207.756506819182,3.200864446127246,28220461.08
198,Seattle,WA,LGA9,650.4,Mid,4545,0.809020902090209,1.0,60.24194890993174,0.031243124312431245,0.7477630143014302,2306.4256325632564,3.546164871714723,10482704.5
46,Philadelphia,PA,MDW3,800.0,Mid,4545,0.8910891089108911,1.0,60.8689058018972,0.018261826182618263,0.7476113091309132,2561.58100990099,3.201976262376238,11642385.69
190,Salt Lake City,UT,ATL7,374.5,Short,4545,0.8523652365236524,1.0,62.6381097157964,0.019361936193619363,0.7423489988998903,1464.633115511551,3.910902845157681,6656757.51
28,Richmond,VA,ATL7,1241.7,Mid,4544,0.8985475352112676,1.0,59.00432188463232,0.015404929577464789,0.747550066021127,3965.3745972711267,3.193504548015726,18018662.17
164,San Antonio,TX,MDW3,491.2,Short,4544,0.8488116197183099,1.0,60.65081277533041,0.02068661971830986,0.7464069542253521,1919.8244674295775,3.908437433692135,8723682.38
55,Indianapolis,IN,IAD2,404.3,Short,4543,0.8461369139335241,1.0,61.90409532215357,0.023552718467972706,0.7465554479418884,1580.0125313669382,3.908020112211077,7177996.93
112,Houston,TX,SBD2,793.5,Mid,4539,0.7464199162811191,1.0,60.20830284328852,0.040757876184181537,0.7470232430050672,3032.068138356466,3.8211318693843297,13762557.28
208,Raleigh,NC,LGA9,2365.3,Long,4538,0.8951079770824152,0.7419568091670339,59.007862342819315,0.021815777875716175,0.7477446231820184,7589.842426178933,3.208828658596767,34442704.93
191,Charlotte,NC,SBD2,1200.4,Mid,4536,0.8893298059964727,1.0,59.884152149944875,0.019620811287477953,0.7446239858906527,3838.137308201058,3.1973819628466003,17409790.83
165,Birmingham,AL,DFW5,1312.9,Mid,4534,0.8484781649757389,1.0,59.523003751931135,0.02359947066607852,0.7454478826643142,4463.079838994266,3.399405772712518,20235603.99
34,Columbus,OH,RIC1,2297.0,Long,4534,0.8892809880899868,0.8063520070577856,59.43624254473161,0.026687251874724306,0.7454144905161005,7344.903612704014,3.197607145278196,33301792.98
23,Chicago,IL,DFW5,1812.6,Long,4534,0.8048081164534627,0.9966916629907366,59.98453863134658,0.03903837670930745,0.7485610939567708,6431.8497287163655,3.548410972479513,29162006.67
120,Cincinnati,OH,BWI1,2225.3,Long,4533,0.8905801897198323,0.8647694683432605,59.754804592625334,0.022942863445841608,0.7483473196558568,7133.620105890139,3.2056891681526705,32336699.94
149,Nashville,TN,LGA9,2117.8,Long,4533,0.8056474740789764,0.9353628943304655,61.13139355123674,0.04345907787337304,0.7453755570262517,7498.245223913523,3.540582313680952,33989545.6
206,Jacksonville,FL,LGA9,1125.3,Mid,4533,0.8568277079197,1.0,59.948751103265664,0.02183984116479153,0.7468270902272224,3831.292528127068,3.404685442217247,17367249.03
1,Atlanta,GA,RIC1,1428.1,Mid,4532,0.8468667255075022,1.0,58.528299094322975,0.02405119152691968,0.747614629302736,4859.857725066196,3.4030234052700767,22024875.21
114,Phoenix,AZ,ATL7,1752.0,Long,4531,0.8872213639373207,0.9980136835135731,59.423470964892914,0.02295299050982123,0.7454203045685278,5603.625480026484,3.19841636987813,25390027.05
10,Louisville,KY,SBD2,331.9,Short,4531,0.8439638048995807,1.0,60.343272888102625,0.026484219819024497,0.7457524387552416,1298.290492165085,3.9116917510246623,5882554.22
16,San Antonio,TX,DFW5,1274.9,Mid,4530,0.8885209713024282,1.0,60.10652375690608,0.019867549668874173,0.7473661589403973,4073.7701898454748,3.195364491211447,18454178.96
186,Richmond,VA,IAD2,1591.9,Long,4530,0.8913907284768212,1.0,60.70194874060983,0.0282560706401766,0.7475424503311258,5094.015459161148,3.199959456725389,23075890.03
42,Newark,NJ,MDW3,1068.0,Mid,4530,0.8818984547461368,1.0,60.73815992931299,0.01434878587196468,0.7490137306843269,3421.158587196468,3.203332010483584,15497848.4
64,Nashville,TN,MDW3,2251.4,Long,4530,0.8821192052980132,0.8350993377483443,60.992554179566554,0.029580573951434878,0.7501933333333335,7199.633719646799,3.1978474369933374,32614340.75
161,Raleigh,NC,IAD2,1800.5,Long,4527,0.886459023635962,0.9973492379058979,60.46689739053516,0.02385685884691849,0.7478976584934838,5750.705098299094,3.193948957677919,26033441.98
82,Chicago,IL,BWI1,199.8,Short,4526,0.8793636765355722,1.0,61.4930872928177,0.019664162615996465,0.7466358815731332,734.9546619531595,3.678451761527325,3326404.8
145,Memphis,TN,IAD2,713.8,Mid,4525,0.8950276243093923,1.0,59.16128176795581,0.018342541436464087,0.7469877127071822,2283.63168839779,3.1992598604620204,10333433.39
18,Atlanta,GA,MDW3,1089.4,Mid,4525,0.8464088397790055,1.0,59.57396811337466,0.024972375690607736,0.7451447734806628,3703.136567955801,3.399244141688819,16756692.97
139,Philadelphia,PA,SBD2,818.7,Mid,4524,0.8870468611847923,1.0,59.71680088495575,0.021441202475685234,0.7445598143236073,2619.6728978779843,3.199795893340643,11851400.19
204,Raleigh,NC,BWI1,251.8,Short,4524,0.8903625110521662,1.0,60.62040744021258,0.015915119363395226,0.7488087533156497,927.5746618037135,3.6837754638749542,4196347.77
81,Denver,CO,ATL7,1602.5,Long,4523,0.8912226398408136,1.0,59.65297387068203,0.021224850762768074,0.747034490382489,5125.146718991819,3.1982194814301526,23181038.61
32,Atlanta,GA,IAD2,2231.9,Long,4523,0.849436214901614,0.8633650232146806,60.28415411868913,0.032721644925934115,0.7433194561131995,7574.943095290736,3.3939437677721833,34261467.62
162,Houston,TX,BWI1,379.3,Short,4523,0.848109661728941,1.0,61.48742199601681,0.02542560247623259,0.7480797479548974,1480.6073004642935,3.9035257064705866,6696786.82
133,San Antonio,TX,BWI1,319.0,Short,4521,0.8035832780358327,1.0,58.50655821159807,0.029197080291970802,0.7471439283344391,1299.9152775934529,4.074969522236529,5876916.97
219,Seattle,WA,BWI1,140.4,Short,4520,0.890929203539823,1.0,60.09039671985817,0.017035398230088497,0.7469681194690263,515.9662389380532,3.674973211809496,2332167.4
106,Birmingham,AL,ATL7,408.5,Short,4520,0.8973451327433628,1.0,59.811763402747005,0.02079646017699115,0.7458940486725659,1500.6256814159292,3.673502280087955,6782828.08
196,Phoenix,AZ,SBD2,1916.2,Long,4520,0.8581858407079646,0.9889380530973452,61.15404962339389,0.03650442477876106,0.7489762389380532,6514.105650442478,3.3994915199052693,29443757.54
12,Nashville,TN,RIC1,1863.3,Long,4519,0.8933392343438814,0.9918123478645718,59.87542414174973,0.02345651692852401,0.7482101349856162,5962.906778048241,3.2001861096164017,26946375.73
224,Harrisburg,PA,IAD2,227.7,Short,4519,0.7528214206682895,1.0,59.15682916020387,0.04514273069263111,0.7462347643283913,1003.0749192299181,4.405247778787521,4532895.56
171,Minneapolis,MN,MDW3,97.4,Short,4517,0.884436572946646,1.0,60.71419769503548,0.01704671241974762,0.7468789904804072,358.1244033650653,3.676841923665969,1617647.93
141,Charlotte,NC,IAD2,481.2,Short,4516,0.850088573959256,1.0,60.4093289036545,0.023029229406554472,0.7470253100088576,1882.2348693534102,3.9115437850237122,8500172.67
47,Dallas,TX,MDW3,347.9,Short,4515,0.8535991140642304,1.0,59.564099268779074,0.021040974529346623,0.7445206201550384,1360.4662901439647,3.9105096008737124,6142505.3
75,Detroit,MI,SBD2,1558.0,Long,4515,0.8908084163898118,1.0,60.54240905057674,0.022591362126245847,0.746774130675526,4985.142629014396,3.199706437108085,22507918.97
153,St. Louis,MO,LGA9,995.5,Mid,4515,0.8912513842746401,1.0,60.471556541019964,0.019490586932447398,0.7478497895902547,3181.952119601329,3.196335629936041,14366513.82
67,Houston,TX,IAD2,2240.5,Long,4514,0.8480283562250776,0.8644217988480284,60.929122145865676,0.030571555161719097,0.7488581524147098,7609.372538768276,3.396283213018646,34348707.64
94,Los Angeles,CA,MDW3,163.7,Short,4512,0.8900709219858156,1.0,58.986568322981356,0.02149822695035461,0.7460685062056738,601.9530806737589,3.6771721482819735,2716012.3
102,Kansas City,MO,LGA9,1675.4,Long,4511,0.8862779871425405,0.9997783196630459,59.883704772475035,0.022611394369319443,0.7472225448902682,5359.333906007537,3.1988384302301176,24175955.25
146,Charlotte,NC,LGA9,426.5,Short,4511,0.8097982708933718,1.0,59.52246061681831,0.029926845488805143,0.7470361560629571,1737.927823099091,4.07486007760631,7839792.41
214,Minneapolis,MN,RIC1,2219.9,Long,4510,0.8609756097560975,0.8767184035476718,59.80336811722911,0.029490022172949003,0.745986474501109,7548.383607538803,3.4003259640248684,34043210.07
98,Detroit,MI,BWI1,208.9,Short,4510,0.8463414634146341,1.0,58.98183351831297,0.019955654101995565,0.7457553658536584,817.185423503326,3.9118498013562766,3685506.26
25,Atlanta,GA,SBD2,2008.2,Long,4510,0.8942350332594236,0.9733924611973392,60.13300199689371,0.024611973392461198,0.7471213082039911,6419.392279379157,3.1965901201967717,28951459.18
157,San Antonio,TX,SBD2,246.6,Short,4506,0.8393253439857967,1.0,59.974389160373185,0.02374611628939192,0.7469051486906346,964.236409232135,3.910123313998925,4344849.26
100,Philadelphia,PA,DFW5,2067.2,Long,4506,0.8952507767421216,0.9560585885486018,60.77126776198935,0.0230803373280071,0.7474280292942743,6610.606320461607,3.1978552246815046,29787392.08
123,Minneapolis,MN,DFW5,1938.0,Long,4505,0.8133185349611542,0.9833518312985572,60.17229777777777,0.0439511653718091,0.7464515427302996,6878.017860155383,3.549028823609588,30985470.46
134,Cincinnati,OH,LGA9,2031.6,Long,4504,0.8803285968028419,0.9702486678507993,60.169886565836336,0.02642095914742451,0.7463010879218469,6489.705095470693,3.1943813228345603,29229631.75
56,Houston,TX,RIC1,1047.2,Mid,4502,0.8058640604175922,1.0,60.696579942183696,0.03065304309195913,0.7449566859173703,3713.684697912039,3.546299367754048,16719008.51
50,Dallas,TX,IAD2,1405.3,Mid,4500,0.746,1.0,59.7865451311694,0.03688888888888889,0.7466501111111111,5385.971186666667,3.8326130980336344,24236870.34
71,Portland,OR,IAD2,1095.9,Mid,4498,0.8414851044908849,1.0,59.187950144669514,0.02401067140951534,0.7464326589595378,3726.1673832814586,3.400097986386951,16760300.89
160,Houston,TX,LGA9,1324.8,Mid,4498,0.8081369497554469,1.0,61.36743937708565,0.03712761227212094,0.7469238550466872,4704.655782570031,3.5512196426404214,21161541.71
37,Portland,OR,SBD2,1946.1,Long,4496,0.8896797153024911,0.9839857651245552,59.6883225806452,0.025133451957295373,0.7467761120996445,6219.058899021352,3.1956522784139323,27960888.81
72,Louisville,KY,DFW5,2251.8,Long,4495,0.8929922135706341,0.8404894327030034,59.94929000667706,0.02424916573971079,0.7469717018909898,7195.082042269188,3.195258034580863,32341893.78
68,Columbus,OH,ATL7,854.0,Mid,4495,0.8097886540600667,1.0,60.98305141330959,0.02335928809788654,0.7456061846496105,3025.452783092325,3.542684757719349,13599410.26
225,Jacksonville,FL,SBD2,410.8,Short,4494,0.8867378727191811,1.0,59.042768374164815,0.017801513128615932,0.7505261682242992,1511.9654984423676,3.6805391880291327,6794772.95
154,Portland,OR,MDW3,1164.9,Mid,4492,0.8499554764024934,1.0,60.7293826610207,0.024265360641139804,0.749179875333927,3961.949483526269,3.4011069478292284,17797077.08
125,Louisville,KY,RIC1,1000.9,Mid,4492,0.8517364203027604,1.0,61.0750601604278,0.022707034728406055,0.7480379341050758,3401.73464381122,3.3986758355592164,15280592.02
29,Atlanta,GA,BWI1,362.7,Short,4491,0.888666221331552,1.0,59.73852298081212,0.018258739701625473,0.7464375862836786,1334.697009574705,3.6798924995166926,5994124.27
26,Atlanta,GA,DFW5,1470.6,Mid,4490,0.8412026726057906,1.0,59.63797905525848,0.020489977728285078,0.7464547661469936,5000.828737193764,3.4005363370010624,22453721.03
150,Louisville,KY,ATL7,322.7,Short,4489,0.8469592336823346,1.0,61.109411239964324,0.022499443083092003,0.746899309423034,1262.3272666518155,3.9117671727667047,5666587.1
22,Kansas City,MO,RIC1,946.9,Mid,4489,0.8407217643127646,1.0,61.77592642140469,0.021385609267097348,0.7481801514813988,3223.7343328135444,3.4045140276835397,14471343.42
166,Columbus,OH,IAD2,2278.3,Long,4488,0.8008021390374331,0.8166221033868093,59.525784663397246,0.0374331550802139,0.7451881461675579,8077.026426024955,3.545198799993397,36249694.6
212,Birmingham,AL,RIC1,1249.8,Mid,4488,0.8905971479500892,1.0,59.211013845466724,0.018493761140819964,0.7464403074866308,3996.0242624777184,3.1973309829394445,17934156.89
202,St. Louis,MO,SBD2,779.1,Mid,4486,0.8510922871154704,1.0,60.505007807271916,0.024074899687917966,0.7463759696834598,2650.716408827463,3.4022800780740123,11891113.81
128,St. Louis,MO,RIC1,625.4,Mid,4485,0.7937569676700111,1.0,59.61578959124414,0.03322185061315496,0.747970011148272,2217.2256142697884,3.54529199595425,9944256.88
189,Denver,CO,MDW3,1396.5,Mid,4478,0.8912460920053595,1.0,59.36215865921788,0.016748548459133542,0.7473882536846806,4470.685734702993,3.201350329182235,20019730.72
136,Portland,OR,LGA9,1149.0,Mid,4471,0.8881681950346678,1.0,60.55855221873601,0.015209125475285171,0.7462058376202193,3673.089411764706,3.1967705933548354,16422382.76
76,Atlanta,GA,LGA9,1671.7,Long,4469,0.7491608861042739,0.9995524725889461,60.14127573858548,0.04878048780487805,0.7496197807115685,6385.642649362273,3.8198496436934115,28537437.0
107,Kansas City,MO,BWI1,1168.8,Mid,4469,0.8955023495189081,1.0,61.262059086839734,0.019914969791899755,0.7522039606175878,3740.4188498545536,3.2002214663368873,16715931.84
192,Denver,CO,RIC1,1532.3,Long,4467,0.8867248712782628,0.9995522722184912,60.421332885304636,0.023057980747705396,0.7501849339601521,4892.419084396687,3.1928598083904505,21854436.05
92,Salt Lake City,UT,IAD2,1259.4,Mid,4465,0.8553191489361702,1.0,60.16839157706094,0.022396416573348264,0.7441089137737961,4287.15681075028,3.404126417937336,19142155.16
39,Philadelphia,PA,RIC1,619.7,Mid,4464,0.8926971326164874,1.0,59.47187219730943,0.017921146953405017,0.7484946460573475,1985.0873655913979,3.2033038011802457,8861430.0
197,Milwaukee,WI,IAD2,1015.8,Mid,4463,0.881917992381806,1.0,60.148932496075346,0.015012323549182164,0.7448463589513781,3246.1711763387857,3.1956794411683274,14487661.96
104,Memphis,TN,LGA9,464.9,Short,4456,0.8462746858168761,1.0,60.34267744833781,0.024461400359066427,0.7478958931777379,1818.2396813285459,3.9110339456410967,8102076.02
3,Chicago,IL,IAD2,1198.9,Mid,4453,0.8401077924994386,1.0,59.983153517644425,0.023355041545025827,0.7484074781046487,4077.4071143049628,3.4009568056593227,18156693.88
80,Atlanta,GA,ATL7,539.8,Mid,4453,0.8450482820570402,1.0,61.956041807147656,0.023130473837862115,0.7500321131821243,1835.6085515382888,3.40053455268301,8173964.88
77,Los Angeles,CA,LGA9,2210.8,Long,4449,0.8024275118004046,0.8786244099797708,59.50959514170039,0.04135760845133738,0.745766194650483,7832.526983591818,3.5428473781399568,34846912.55
151,Phoenix,AZ,DFW5,1931.6,Long,4449,0.7626432906271072,0.98583951449764,60.19414886440297,0.050123623286131715,0.7462699707799506,7401.195945156215,3.8316400627232436,32927920.76
45,Chicago,IL,LGA9,419.1,Short,4442,0.8442143178748311,1.0,60.89147972972975,0.02296262944619541,0.7465927059882934,1639.202525889239,3.9112443948681435,7281337.62
207,Birmingham,AL,SBD2,1302.1,Mid,4440,0.8905405405405405,1.0,61.073400946585544,0.018468468468468467,0.7456783558558558,4164.655254504504,3.198414295756473,18491069.33
78,Harrisburg,PA,BWI1,2119.7,Long,4437,0.881000676132522,0.933739012846518,61.01554453213077,0.027045300878972278,0.7506345503718728,6779.977635789948,3.198555284139241,30082760.77
158,Nashville,TN,DFW5,941.3,Mid,4434,0.8849797023004059,1.0,61.060851784907385,0.016238159675236806,0.7498587956698239,3015.2151894451963,3.203245712785718,13369464.15
147,Jacksonville,FL,RIC1,542.9,Mid,4432,0.7457129963898917,1.0,61.38108828177918,0.04016245487364621,0.749069607400722,2077.905370036101,3.8274182538885637,9209276.6
30,Memphis,TN,DFW5,1690.7,Long,4430,0.8020316027088036,0.9997742663656884,59.79295433996384,0.046275395033860044,0.7474125056433409,6005.372869074492,3.5520038262698823,26603801.81
9,Philadelphia,PA,BWI1,405.4,Short,4426,0.7553095345684591,1.0,60.02377828054297,0.04044283777677361,0.745917532760958,1784.6987370085856,4.402315582162274,7899076.61
211,Portland,OR,DFW5,2333.0,Long,4408,0.8897459165154264,0.7676950998185118,61.98389468906037,0.02722323049001815,0.7492110254083486,7457.393421052631,3.1964823922214456,32872190.2
129,Nashville,TN,IAD2,1596.0,Long,4405,0.8574347332576617,0.9997729852440409,62.13195770804911,0.036549375709421114,0.7477571623155501,5426.481936435868,3.4000513386189657,23903652.93
44,Dallas,TX,ATL7,629.1,Mid,4404,0.8862397820163488,1.0,61.23037491479212,0.01430517711171662,0.7478007720254314,2012.0090054495913,3.1982339937205397,8860887.66
11,Columbus,OH,BWI1,1609.9,Long,4403,0.8912105382693618,0.9997728821258233,59.16911095952707,0.023620258914376562,0.7477195548489665,5147.0150533727,3.197102337643766,22662307.28
58,Newark,NJ,IAD2,768.8,Mid,4394,0.8488848429676832,1.0,60.51484738041002,0.026627218934911243,0.7459847291761491,2615.678953117888,3.402287920288616,11493293.32
138,Indianapolis,IN,SBD2,918.8,Mid,4387,0.891269660360155,1.0,59.216183188670634,0.019603373603829497,0.747233781627536,2937.573799863232,3.1971852414706503,12887136.26
88,Charlotte,NC,MDW3,1498.8,Mid,4379,0.7481160082210551,1.0,60.41222679469592,0.03790819821877141,0.7490718885590318,5741.785213519068,3.8309215462497117,25143277.45
4,Cincinnati,OH,SBD2,271.9,Short,4353,0.804732368481507,1.0,60.300720534069995,0.03216172754422238,0.7466377440845396,1107.2967011256605,4.072440975085181,4820062.54
