shipper_id,shipper_name,vendor_type,ship_volume_tier,industry_segment,total_shipments,otd_rate,defect_free_rate,avg_cost_per_shipment,vol_last_90d,vol_prior_90d,growth_rate,service_score,cost_score,growth_score,reliability_score,tenure_score,shipper_health_score
271,Shipper-271,Brand,LongTail,Automotive Parts,893,0.9697648376259799,0.9798432250839866,4120.450302351624,257,196,0.3112244897959184,97.37961926091826,100.0,81.12244897959184,31.51062952837117,100.0,85.16497000344953
183,Shipper-183,Wholesaler,LongTail,Toys & Games,1219,0.9712879409351928,0.9671862182116489,4187.723527481542,340,271,0.25461254612546125,96.96472518457752,100.0,75.46125461254613,31.902642429389438,100.0,83.9670648422909
266,Shipper-266,Brand,LongTail,Consumer Electronics,901,0.9778024417314095,0.9711431742508324,4230.0269145394,264,214,0.2336448598130841,97.51387347391787,100.0,73.3644859813084,29.01725731188982,100.0,83.27964783522052
336,Shipper-336,Wholesaler,LongTail,Industrial Supplies,801,0.9712858926342073,0.978776529338327,4288.601323345818,207,166,0.2469879518072289,97.42821473158551,98.76686298362631,74.6987951807229,26.902831758037582,100.0,82.89536396523245
333,Shipper-333,Brand,LongTail,Industrial Supplies,806,0.9751861042183623,0.9689826302729528,4249.13658808933,215,176,0.2215909090909091,97.27047146401985,99.6984345264943,72.1590909090909,28.033987132820748,100.0,82.74266632257083
335,Shipper-335,Brand,LongTail,Toys & Games,802,0.970074812967581,0.9650872817955112,4135.912269326684,209,175,0.19428571428571428,96.80798004987533,100.0,69.42857142857143,31.418588420111128,100.0,82.64089656369354
319,Shipper-319,3PL,LongTail,Office Products,816,0.9767156862745098,0.9693627450980392,4311.952916666667,223,179,0.24581005586592178,97.37745098039214,98.21564479663105,74.58100558659217,25.860321498504845,100.0,82.56239583536957
323,Shipper-323,3PL,LongTail,Industrial Supplies,813,0.9704797047970479,0.97539975399754,4316.950836408364,223,182,0.22527472527472528,97.24477244772449,98.09766808211255,72.52747252747253,28.28932518559808,100.0,82.4467420381797
268,Shipper-268,Brand,LongTail,Health & Beauty,897,0.9643255295429208,0.9710144927536232,4261.970066889632,244,200,0.22,96.70011148272017,99.39549815637395,72.0,27.163306318255398,100.0,82.33340393164785
138,Shipper-138,Brand,LongTail,Automotive Parts,1406,0.9765291607396871,0.972972972972973,4291.086934566145,373,315,0.18412698412698414,97.51066856330014,98.70818972345008,68.41269841269842,31.149320913361024,100.0,82.28518581939639
302,Shipper-302,Brand,LongTail,Toys & Games,833,0.9651860744297719,0.9699879951980792,4199.404285714286,220,181,0.2154696132596685,96.71068427370948,100.0,71.54696132596685,25.59917054132468,100.0,82.16247312850491
116,Shipper-116,Wholesaler,LongTail,Home & Garden,1515,0.9722772277227723,0.9755775577557756,4257.09100990099,405,345,0.17391304347826086,97.35973597359737,99.5106690961284,67.3913043478261,30.593382466466256,100.0,82.15285630564647
329,Shipper-329,Wholesaler,LongTail,Toys & Games,809,0.965389369592089,0.9777503090234858,4298.68021013597,211,176,0.19886363636363635,97.03337453646476,98.5289492093042,69.88636363636364,29.3633520301116,100.0,82.12402519505495
146,Shipper-146,3PL,LongTail,Food & Beverage,1369,0.9758948137326515,0.970781592403214,4244.435332359387,366,315,0.1619047619047619,97.38495252008765,99.80940843840062,66.19047619047619,30.224168401873786,100.0,81.93955836400276
136,Shipper-136,3PL,LongTail,Food & Beverage,1422,0.969760900140647,0.9774964838255977,4251.758691983122,358,311,0.15112540192926044,97.28551336146273,99.63653933439369,65.11254019292605,31.92850121926043,100.0,81.9065720635115
231,Shipper-231,Brand,LongTail,Home & Garden,1017,0.976401179941003,0.9695181907571289,4195.358033431662,284,240,0.18333333333333332,97.36479842674532,100.0,68.33333333333333,26.77435094351447,100.0,81.89225883621744
278,Shipper-278,Brand,LongTail,Food & Beverage,882,0.971655328798186,0.9648526077097506,4229.380283446712,234,199,0.17587939698492464,96.89342403628119,100.0,67.58793969849246,28.61197843074462,100.0,81.87741191519453
256,Shipper-256,Brand,LongTail,Consumer Electronics,925,0.9654054054054054,0.9643243243243244,4148.538864864865,245,203,0.20689655172413793,96.49729729729731,100.0,70.6896551724138,32.054158209369255,87.5,81.64524395507733
186,Shipper-186,3PL,LongTail,Automotive Parts,1197,0.974937343358396,0.9699248120300752,4192.094870509607,326,282,0.15602836879432624,97.29323308270676,100.0,65.60283687943263,28.810748974988197,100.0,81.63014964694679
216,Shipper-216,3PL,LongTail,Food & Beverage,1060,0.9688679245283018,0.9773584905660377,4215.768452830189,260,226,0.1504424778761062,97.22641509433963,100.0,65.04424778761062,29.6800680295644,100.0,81.62878429025866
195,Shipper-195,Wholesaler,LongTail,Food & Beverage,1146,0.9738219895287958,0.9712041884816754,4108.207827225131,300,260,0.15384615384615385,97.27748691099477,100.0,65.38461538461539,28.708901516917074,100.0,81.56650437775907
320,Shipper-320,3PL,LongTail,Automotive Parts,815,0.9582822085889571,0.9779141104294479,4248.235717791411,218,188,0.1595744680851064,96.61349693251533,99.71969971750349,65.95744680851064,29.57994149415779,100.0,81.54245459495627
254,Shipper-254,Brand,LongTail,Food & Beverage,930,0.9655913978494624,0.975268817204301,4168.359978494624,237,208,0.13942307692307693,96.94623655913979,100.0,63.94230769230769,30.83414058801698,100.0,81.49745359440602
295,Shipper-295,Brand,LongTail,Industrial Supplies,848,0.9799528301886793,0.9669811320754716,4313.302370283019,211,184,0.14673913043478262,97.47641509433963,98.18379072288032,64.67391304347827,31.23382003107764,100.0,81.40872782237926
125,Shipper-125,Wholesaler,LongTail,Industrial Supplies,1459,0.9794379712131597,0.9794379712131597,4181.957607950651,376,338,0.11242603550295859,97.94379712131595,100.0,61.242603550295854,31.33500409551656,100.0,81.33191046078144
156,Shipper-156,Wholesaler,LongTail,Apparel & Footwear,1343,0.9791511541325391,0.9717051377513031,4194.165577066269,330,295,0.11864406779661017,97.61727475800447,100.0,61.86440677966102,30.11907346150754,100.0,81.17592480255968
245,Shipper-245,Wholesaler,LongTail,Toys & Games,970,0.9680412371134021,0.977319587628866,4289.953453608247,255,220,0.1590909090909091,97.17525773195877,98.73494572720628,65.9090909090909,27.258762389685387,100.0,81.1069462916602
123,Shipper-123,Wholesaler,LongTail,Home & Garden,1465,0.967235494880546,0.9754266211604096,4345.001863481229,389,334,0.16467065868263472,97.05119453924914,97.43551899129851,66.46706586826348,28.661869567684796,100.0,81.06693171840479
246,Shipper-246,Brand,LongTail,Automotive Parts,967,0.9689762150982419,0.983453981385729,4302.579762150983,265,232,0.14224137931034483,97.47673216132368,98.43689964496505,64.22413793103448,28.76238696875483,100.0,81.01143019115848
237,Shipper-237,Brand,LongTail,Apparel & Footwear,996,0.9759036144578314,0.9708835341365462,4231.4649397590365,245,222,0.1036036036036036,97.38955823293173,100.0,60.36036036036036,30.8691378369356,100.0,80.91931021749193
194,Shipper-194,3PL,LongTail,Sports & Outdoors,1154,0.9748700173310225,0.9670710571923743,4138.992694974004,291,269,0.08178438661710037,97.17504332755632,100.0,58.17843866171004,33.87672270529305,100.0,80.86970913640286
287,Shipper-287,Brand,LongTail,Home & Garden,865,0.9653179190751445,0.9815028901734104,4307.891895953757,230,202,0.13861386138613863,97.17919075144509,98.31150585604416,63.86138613861387,28.714888537302517,100.0,80.81114419776272
285,Shipper-285,Wholesaler,LongTail,Industrial Supplies,869,0.9746835443037974,0.9712313003452244,4170.3440621403915,236,209,0.1291866028708134,97.33026467203683,100.0,62.91866028708134,26.64510917929116,100.0,80.77957783592099
272,Shipper-272,Brand,LongTail,Industrial Supplies,893,0.9798432250839866,0.9664053751399776,4198.00601343785,228,203,0.12315270935960591,97.44680851063829,100.0,62.31527093596059,27.03067721637681,100.0,80.75169832284013
244,Shipper-244,Wholesaler,LongTail,Toys & Games,970,0.9814432989690721,0.9680412371134021,4143.124793814433,248,230,0.0782608695652174,97.60824742268042,100.0,57.82608695652174,32.50091467241943,100.0,80.72282881897138
111,Shipper-111,Wholesaler,LongTail,Health & Beauty,1592,0.9742462311557789,0.9692211055276382,4204.934623115578,411,376,0.09308510638297872,97.22361809045226,100.0,59.308510638297875,31.22272143604965,100.0,80.71219577020271
235,Shipper-235,Brand,LongTail,Food & Beverage,1003,0.9720837487537388,0.9690927218344965,4214.796859421735,257,234,0.09829059829059829,97.08873379860418,100.0,59.82905982905983,30.24241831694955,100.0,80.62879485293564
198,Shipper-198,Wholesaler,LongTail,Health & Beauty,1133,0.970873786407767,0.9726390114739629,4210.218578993822,292,265,0.1018867924528302,97.15798764342453,100.0,60.18867924528302,29.599516818786608,100.0,80.62505966490197
300,Shipper-300,3PL,LongTail,Toys & Games,835,0.9688622754491018,0.9724550898203593,4237.046562874251,205,195,0.05128205128205128,97.02994011976047,99.98382155290471,55.128205128205124,36.16460231443914,100.0,80.5552687969612
147,Shipper-147,Brand,LongTail,Consumer Electronics,1367,0.9758595464520848,0.972201901975128,4207.447008046818,359,330,0.08787878787878788,97.43964886613021,100.0,58.78787878787879,30.332040344892974,100.0,80.53927646914877
243,Shipper-243,Brand,LongTail,Automotive Parts,972,0.9670781893004116,0.9691358024691358,4362.607829218107,267,231,0.15584415584415584,96.79012345679013,97.01992728496649,65.58441558441558,27.515140664039215,100.0,80.53617307476765
239,Shipper-239,3PL,LongTail,Apparel & Footwear,995,0.9618090452261306,0.9819095477386934,4226.706391959799,260,244,0.06557377049180328,96.98492462311557,100.0,56.55737704918033,34.137826101175904,100.0,80.52762671194712
103,Shipper-103,3PL,LongTail,Sports & Outdoors,1642,0.9738124238733252,0.9713763702801461,4202.14928136419,446,407,0.09582309582309582,97.28380024360536,100.0,59.582309582309584,29.32452167807984,100.0,80.5002802412555
47,Shipper-047,Brand,Mid,Home & Garden,2710,0.9738007380073801,0.9726937269372694,4172.385771217712,699,642,0.08878504672897196,97.33579335793358,100.0,58.87850467289719,30.01242673748764,100.0,80.47830295258267
262,Shipper-262,Brand,LongTail,Toys & Games,906,0.9701986754966887,0.9801324503311258,4229.399028697571,242,222,0.09009009009009009,97.41721854304636,100.0,59.009009009009006,29.623428403563235,100.0,80.4704816252502
187,Shipper-187,Wholesaler,LongTail,Industrial Supplies,1180,0.9796610169491525,0.9745762711864406,4190.560483050847,279,254,0.0984251968503937,97.76271186440677,100.0,59.84251968503937,27.090897231060463,100.0,80.36095208098897
207,Shipper-207,3PL,LongTail,Food & Beverage,1107,0.982836495031617,0.9683830171635049,4157.446874435411,276,259,0.06563706563706563,97.7055103884372,100.0,56.56370656370656,34.31628759435539,95.83333333333334,80.35517090175911
310,Shipper-310,Brand,LongTail,Toys & Games,823,0.9623329283110571,0.9805589307411907,4322.433159173755,217,198,0.09595959595959595,96.96233292831106,97.96825695483999,59.5959595959596,32.164579080585476,100.0,80.32464289848305
118,Shipper-118,3PL,LongTail,Sports & Outdoors,1509,0.9688535453943009,0.9715043074884029,4263.784983432737,390,360,0.08333333333333333,96.99138502319417,99.35265675396117,58.33333333333333,31.4511092887629,100.0,80.31991275542964
37,Shipper-037,Wholesaler,Mid,Apparel & Footwear,3216,0.974502487562189,0.9748134328358209,4263.374225746269,820,759,0.08036890645586298,97.46268656716418,99.36903588630476,58.0368906455863,30.542791369301238,100.0,80.26986177623789
263,Shipper-263,Brand,LongTail,Apparel & Footwear,906,0.9757174392935982,0.9801324503311258,4158.457693156733,228,217,0.05069124423963134,97.74834437086093,100.0,55.06912442396313,32.64874081384266,100.0,80.2356393181273
218,Shipper-218,Brand,LongTail,Health & Beauty,1053,0.9705603038936372,0.9810066476733144,4163.924472934473,277,258,0.07364341085271318,97.47388414055081,100.0,57.36434108527132,30.064538542340593,100.0,80.2247142405706
193,Shipper-193,Brand,LongTail,Industrial Supplies,1161,0.9741602067183462,0.9621016365202412,4260.98857881137,303,273,0.10989010989010989,96.93367786391042,99.4186663432991,60.98901098901099,27.253528842243313,100.0,80.2206014691366
65,Shipper-065,Brand,Mid,Automotive Parts,2222,0.9693969396939695,0.9734473447344735,4232.050081008101,568,520,0.09230769230769231,97.1017101710171,100.0,59.23076923076923,28.24464509922405,100.0,80.21336366234259
160,Shipper-160,Brand,LongTail,Toys & Games,1333,0.972993248312078,0.9722430607651913,4183.98574643661,336,315,0.06666666666666667,97.26931732933232,100.0,56.666666666666664,31.303254270806146,100.0,80.20961667275395
143,Shipper-143,Brand,LongTail,Home & Garden,1380,0.9702898550724638,0.9753623188405797,4242.570043478261,363,333,0.09009009009009009,97.231884057971,99.85343888810696,59.009009009009006,28.136080925753994,100.0,80.15513888008294
215,Shipper-215,Brand,LongTail,Home & Garden,1062,0.9745762711864406,0.9745762711864406,4241.5480414312615,277,260,0.06538461538461539,97.45762711864407,99.87756341390323,56.53846153846154,30.899807100612474,100.0,80.14934236185321
280,Shipper-280,Wholesaler,LongTail,Food & Beverage,880,0.9727272727272728,0.975,4252.834909090909,233,215,0.08372093023255814,97.36363636363636,99.61113505320326,58.372093023255815,28.993757730718862,100.0,80.13535693665071
201,Shipper-201,Brand,LongTail,Sports & Outdoors,1116,0.9740143369175627,0.9811827956989247,4296.312571684588,285,263,0.08365019011406843,97.68817204301075,98.58483770293714,58.365019011406844,29.515737604203185,100.0,80.05302548154935
149,Shipper-149,Brand,LongTail,Industrial Supplies,1358,0.9734904270986745,0.9771723122238586,4149.376273932254,353,336,0.050595238095238096,97.4963181148748,100.0,55.05952380952381,31.682075338727213,100.0,80.01311149717628
94,Shipper-094,Brand,Mid,Sports & Outdoors,1707,0.9648506151142355,0.9753954305799648,4194.7960808435855,422,393,0.0737913486005089,96.90685413005274,100.0,57.37913486005089,29.73866728662722,100.0,80.00868330402008
74,Shipper-074,3PL,Mid,Industrial Supplies,1991,0.9663485685585133,0.9784028126569563,4173.631481667504,512,478,0.07112970711297072,97.11702661978904,100.0,57.11297071129707,29.632617709854724,100.0,80.00259478467433
112,Shipper-112,Wholesaler,LongTail,Toys & Games,1589,0.9716803020767778,0.9691629955947136,4138.577004405286,390,367,0.06267029972752043,97.06733794839522,100.0,56.26702997275204,30.77196835147732,100.0,79.98940263179057
60,Shipper-060,Brand,Mid,Toys & Games,2386,0.9752724224643755,0.9756915339480302,4215.325842414082,599,575,0.04173913043478261,97.54400670578374,100.0,54.173913043478265,32.557717915625304,100.0,79.98164230777456
176,Shipper-176,Wholesaler,LongTail,Health & Beauty,1248,0.9719551282051282,0.9783653846153846,4274.721722756411,313,296,0.057432432432432436,97.45192307692308,99.09449323000786,55.74324324324324,32.05505512019877,100.0,79.96610714725735
169,Shipper-169,Brand,LongTail,Office Products,1297,0.969159599074788,0.9830377794911334,4190.412397841172,314,303,0.036303630363036306,97.47108712413262,100.0,53.63036303630363,32.98763209212081,100.0,79.91554355831863
242,Shipper-242,3PL,LongTail,Consumer Electronics,982,0.9755600814663951,0.9765784114052953,4180.748818737271,257,244,0.05327868852459016,97.59674134419552,100.0,55.32786885245902,30.457465506972326,100.0,79.91321599979631
174,Shipper-174,Brand,LongTail,Toys & Games,1252,0.9752396166134185,0.9752396166134185,4107.279952076678,322,293,0.09897610921501707,97.52396166134186,100.0,59.89761092150171,24.264548608547475,100.0,79.87639297398502
51,Shipper-051,Wholesaler,Mid,Home & Garden,2527,0.9734863474475662,0.9707162643450732,4276.708183616937,643,596,0.07885906040268456,97.23783142065689,99.05430652760253,57.88590604026846,29.044189207320336,100.0,79.86873564724944
159,Shipper-159,Brand,LongTail,Food & Beverage,1337,0.9730740463724757,0.9693343305908751,4233.602924457741,333,316,0.05379746835443038,97.15781600598355,100.0,55.379746835443036,30.916685404236468,100.0,79.86079697951915
93,Shipper-093,Wholesaler,Mid,Health & Beauty,1721,0.9738524113887275,0.9750145264381174,4309.698954096456,435,397,0.09571788413098237,97.43172574084834,98.27560569947467,59.57178841309823,27.46033573434015,100.0,79.83182718989384
75,Shipper-075,Wholesaler,Mid,Office Products,1984,0.9768145161290323,0.9758064516129032,4216.237832661291,502,472,0.0635593220338983,97.64112903225806,100.0,56.35593220338983,28.331308460857272,100.0,79.81322141948398
309,Shipper-309,Wholesaler,LongTail,Apparel & Footwear,824,0.9720873786407767,0.9817961165048543,4336.382997572816,212,194,0.09278350515463918,97.59708737864078,97.6389687334516,59.27835051546392,28.447249166121058,100.0,79.81162587496607
115,Shipper-115,Wholesaler,LongTail,Toys & Games,1518,0.9657444005270093,0.9769433465085638,4211.2314822134385,380,360,0.05555555555555555,97.02239789196311,100.0,55.55555555555556,30.514149589383376,100.0,79.79495291710754
101,Shipper-101,Brand,LongTail,Toys & Games,1656,0.9734299516908212,0.9734299516908212,4235.350573671498,443,414,0.07004830917874397,97.34299516908213,100.0,57.0048309178744,27.791223194221814,100.0,79.7725482134328
241,Shipper-241,Wholesaler,LongTail,Food & Beverage,986,0.9685598377281948,0.9716024340770791,4301.204645030426,254,236,0.07627118644067797,96.97768762677485,98.46935950993807,57.6271186440678,30.157042336495998,100.0,79.75962624480493
179,Shipper-179,Brand,LongTail,Home & Garden,1240,0.9741935483870968,0.9798387096774194,4324.559564516129,300,280,0.07142857142857142,97.64516129032258,97.91806280827636,57.14285714285714,30.340985157522514,100.0,79.75278329136566
129,Shipper-129,3PL,LongTail,Apparel & Footwear,1449,0.9668737060041408,0.9703243616287095,4229.519579020014,367,339,0.08259587020648967,96.82539682539684,100.0,58.259587020648965,26.889914328783714,100.0,79.73302360106639
57,Shipper-057,Brand,Mid,Industrial Supplies,2431,0.9740847387906212,0.9769642122583299,4174.444092965858,613,589,0.04074702886247878,97.52365281777047,100.0,54.07470288624788,30.96075525154599,100.0,79.7161497103126
238,Shipper-238,3PL,LongTail,Industrial Supplies,995,0.9738693467336683,0.9718592964824121,4277.938824120603,267,253,0.05533596837944664,97.30653266331657,99.01855302511541,55.533596837944664,31.050806499352323,100.0,79.7109383977656
289,Shipper-289,Wholesaler,LongTail,Industrial Supplies,862,0.9721577726218097,0.9709976798143851,4182.847250580046,208,196,0.061224489795918366,97.16937354988399,100.0,56.12244897959184,28.841333350017894,100.0,79.70150186338626
49,Shipper-049,Brand,Mid,Home & Garden,2576,0.9736024844720497,0.9712732919254659,4228.401688664596,644,612,0.05228758169934641,97.2670807453416,100.0,55.22875816993464,29.764011130009806,100.0,79.69047752709089
58,Shipper-058,Brand,Mid,Apparel & Footwear,2429,0.9720049403046521,0.9744750926307122,4270.459308357349,624,585,0.06666666666666667,97.29930012350762,99.20180245657848,56.666666666666664,29.005567155151635,100.0,79.67440905780298
210,Shipper-210,Brand,LongTail,Industrial Supplies,1095,0.9735159817351599,0.9707762557077626,4214.893068493151,280,271,0.033210332103321034,97.2420091324201,100.0,53.321033210332104,32.179641859141384,100.0,79.66375566066365
46,Shipper-046,Wholesaler,Mid,Apparel & Footwear,2764,0.9685238784370478,0.9790159189580319,4272.61963096961,703,656,0.07164634146341463,97.27206946454415,99.15081107375416,57.16463414634146,28.33243010890897,100.0,79.65211495340643
288,Shipper-288,Wholesaler,LongTail,Food & Beverage,862,0.9756380510440835,0.9733178654292344,4294.506508120649,213,197,0.08121827411167512,97.4709976798144,98.62747012932594,58.121827411167516,30.24576787639255,95.83333333333334,79.64273083330151
86,Shipper-086,Brand,Mid,Consumer Electronics,1783,0.9725182277061133,0.971396522714526,4269.7444980370165,446,433,0.03002309468822171,97.20695457094783,99.21867455081292,53.00230946882217,33.82176122758606,100.0,79.64048108688993
163,Shipper-163,3PL,LongTail,Toys & Games,1323,0.9667422524565382,0.9750566893424036,4296.717044595616,338,314,0.07643312101910828,97.00680272108843,98.5752900535908,57.64331210191083,28.923777259048077,100.0,79.6130923389636
338,Shipper-338,Wholesaler,LongTail,Apparel & Footwear,799,0.9737171464330413,0.9724655819774718,4248.820951188986,206,199,0.035175879396984924,97.32165206508135,99.70588518725076,53.517587939698494,31.84462739852879,100.0,79.6031786140561
90,Shipper-090,Wholesaler,Mid,Apparel & Footwear,1751,0.9743003997715591,0.9743003997715591,4207.887704169047,474,447,0.06040268456375839,97.43003997715591,100.0,56.04026845637584,27.642525302699738,100.0,79.5834444798269
315,Shipper-315,Brand,LongTail,Office Products,821,0.9695493300852619,0.9683313032886723,4281.059792935444,210,194,0.08247422680412371,96.9062119366626,98.94488204480379,58.24742268041237,27.402261351929713,100.0,79.56790783107166
133,Shipper-133,Wholesaler,LongTail,Automotive Parts,1433,0.9755757152826239,0.9755757152826239,4145.143189113747,368,352,0.045454545454545456,97.55757152826239,100.0,54.54545454545455,29.24481556470765,100.0,79.56308470227577
67,Shipper-067,Brand,Mid,Food & Beverage,2131,0.972782731112154,0.9732519943688409,4202.957193805725,552,534,0.033707865168539325,97.29704364148289,100.0,53.37078651685393,31.011498386791068,100.0,79.5149951538343
142,Shipper-142,Brand,LongTail,Apparel & Footwear,1387,0.9754866618601298,0.9689978370583994,4262.412069214131,344,324,0.06172839506172839,97.28911319394375,99.38506461907264,56.17283950617284,28.28532596126101,100.0,79.510366908375
97,Shipper-097,Wholesaler,Mid,Industrial Supplies,1696,0.9705188679245284,0.9740566037735849,4270.563873820754,431,424,0.01650943396226415,97.1933962264151,99.19933433559301,51.65094339622642,34.647987694883,100.0,79.48523928530052
71,Shipper-071,Brand,Mid,Health & Beauty,2009,0.9656545545047287,0.96913887506222,4312.697914385266,523,483,0.08281573498964803,96.70482827277252,98.20481945148846,58.2815734989648,28.213482079112083,100.0,79.45099035636365
40,Shipper-040,Wholesaler,Mid,Home & Garden,3032,0.9699868073878628,0.9739445910290238,4219.7218733509235,777,742,0.04716981132075472,97.15699208443272,100.0,54.716981132075475,28.951027339057035,100.0,79.43314795260348
166,Shipper-166,3PL,LongTail,Automotive Parts,1309,0.975553857906799,0.9770817417876242,4228.129404125287,337,323,0.043343653250773995,97.61650114591292,100.0,54.3343653250774,28.461174281696323,100.0,79.4209995510438
22,Shipper-022,Wholesaler,Mid,Home & Garden,4424,0.9726491862567812,0.9710669077757685,4276.075576401447,1117,1068,0.04588014981273408,97.20162748643762,99.06923833293541,54.58801498127341,30.377749102267547,100.0,79.40206319075995
24,Shipper-024,Wholesaler,Mid,Health & Beauty,4296,0.9743947858472998,0.9783519553072626,4228.172320763501,1083,1055,0.026540284360189573,97.5977653631285,100.0,52.654028436018955,30.422954161367976,100.0,79.37357842034753
110,Shipper-110,Wholesaler,LongTail,Office Products,1599,0.9799874921826142,0.9768605378361476,4268.698380237649,394,384,0.026041666666666668,97.87367104440274,99.23667521721636,52.604166666666664,31.085461874061092,100.0,79.35492273206741
190,Shipper-190,3PL,LongTail,Food & Beverage,1171,0.968403074295474,0.9726729291204099,4193.910657557643,304,281,0.08185053380782918,97.01110162254484,100.0,58.18505338078292,26.863663083134824,95.83333333333334,79.35322395872359
41,Shipper-041,Brand,Mid,Apparel & Footwear,2982,0.971830985915493,0.9765258215962441,4265.300526492287,744,706,0.053824362606232294,97.37089201877934,99.32356826113732,55.38243626062323,28.200949041175004,100.0,79.34878927921902
15,Shipper-015,Brand,Top20,Consumer Electronics,23951,0.9723602354807732,0.974364327167968,4242.714388125757,6102,5873,0.038991997275668315,97.31618721556511,99.95405361222677,53.89919972756683,29.15900416268765,100.0,79.33706013764274
137,Shipper-137,Brand,LongTail,Food & Beverage,1414,0.9667609618104668,0.9717114568599717,4317.642807637907,350,335,0.04477611940298507,96.87411598302687,98.08133398784494,54.47761194029851,32.3777113009752,100.0,79.33474737507528
286,Shipper-286,Brand,LongTail,Health & Beauty,867,0.9700115340253749,0.9734717416378316,4275.787312572088,211,196,0.07653061224489796,97.13956170703575,99.06933980778916,57.6530612244898,25.941540089899785,100.0,79.33104672244095
29,Shipper-029,3PL,Mid,Industrial Supplies,3675,0.9708843537414966,0.9695238095238096,4233.4336054421765,914,871,0.04936854190585534,97.03401360544218,100.0,54.936854190585535,28.217720001875847,100.0,79.33023292003114
7,Shipper-007,Brand,Top20,Sports & Outdoors,26898,0.973157855602647,0.9734552754851662,4220.774654621161,6773,6562,0.0321548308442548,97.32768235556546,100.0,53.21548308442548,29.881257508716676,100.0,79.32358994986222
222,Shipper-222,Brand,LongTail,Apparel & Footwear,1037,0.9758919961427194,0.9778206364513018,4233.227974927676,248,245,0.012244897959183673,97.66634522661523,100.0,51.224489795918366,31.827957162268707,100.0,79.31899510150855
88,Shipper-088,Brand,Mid,Health & Beauty,1772,0.9723476297968398,0.9700902934537246,4217.141636568849,461,446,0.033632286995515695,97.14446952595937,100.0,53.36322869955157,30.01128759178504,100.0,79.31767973646589
178,Shipper-178,Wholesaler,LongTail,Office Products,1244,0.9654340836012861,0.9742765273311897,4151.949252411576,307,297,0.03367003367003367,96.89710610932477,100.0,53.36700336700336,30.4347871778311,100.0,79.30775058287277
312,Shipper-312,Wholesaler,LongTail,Apparel & Footwear,822,0.9732360097323601,0.9744525547445255,4336.461472019465,215,204,0.05392156862745098,97.37226277372261,97.63711633127873,55.3921568627451,30.580555289053034,100.0,79.28647258084344
31,Shipper-031,Wholesaler,Mid,Industrial Supplies,3556,0.9769403824521935,0.9758155230596175,4153.287972440945,872,851,0.024676850763807285,97.64904386951632,100.0,52.467685076380725,29.775828921688618,100.0,79.25462451438433
11,Shipper-011,Wholesaler,Top20,Food & Beverage,26545,0.9729892635147862,0.9737427010736486,4227.835816537954,6690,6473,0.03352386837633246,97.3290638538331,100.0,53.35238683763325,29.230963856465998,100.0,79.25384110214648
126,Shipper-126,Brand,LongTail,Food & Beverage,1453,0.9759119064005506,0.969029593943565,4202.450646937371,364,353,0.031161473087818695,97.31589814177563,100.0,53.11614730878187,29.511883519129334,100.0,79.24478143215846
6,Shipper-006,Brand,Top20,Consumer Electronics,29835,0.9722138428020781,0.9739902798726329,4248.225492877493,7435,7234,0.027785457561515067,97.29244176303,99.82409820158857,52.77854575615151,30.220237092895474,100.0,79.23250179447076
324,Shipper-324,Brand,LongTail,Apparel & Footwear,812,0.9766009852216748,0.979064039408867,4178.142955665025,208,205,0.014634146341463415,97.75862068965517,100.0,51.46341463414634,30.734118820807154,100.0,79.23038695684689
25,Shipper-025,Brand,Mid,Home & Garden,4286,0.9729351376574895,0.975268315445637,4209.221588894074,1061,1035,0.025120772946859903,97.38684087727485,100.0,52.51207729468599,30.067705789219268,100.0,79.22862359050254
26,Shipper-026,Brand,Mid,Toys & Games,4257,0.9678177120037585,0.9704016913319239,4258.33139769791,1058,1010,0.047524752475247525,96.88513037350246,99.48806476378435,54.75247524752475,28.92678840118047,100.0,79.22706861267885
64,Shipper-064,Brand,Mid,Consumer Electronics,2275,0.9696703296703296,0.9714285714285714,4244.267617582417,548,537,0.020484171322160148,97.03736263736263,99.82002055212645,52.04841713221602,31.464582701495193,100.0,79.19558476090789
211,Shipper-211,Brand,LongTail,Apparel & Footwear,1090,0.9669724770642202,0.9752293577981651,4212.966788990826,256,245,0.044897959183673466,97.02752293577981,100.0,54.48979591836735,27.928776818054647,100.0,79.19553258711562
33,Shipper-033,Brand,Mid,Consumer Electronics,3440,0.9726744186046512,0.975,4199.0211715116275,882,864,0.020833333333333332,97.36046511627907,100.0,52.083333333333336,30.208461189894344,100.0,79.15607538003454
213,Shipper-213,Brand,LongTail,Apparel & Footwear,1085,0.9723502304147466,0.9769585253456221,4224.109612903226,271,266,0.018796992481203006,97.41935483870967,100.0,51.8796992481203,30.360738479537396,100.0,79.15585707316757
209,Shipper-209,Brand,LongTail,Office Products,1097,0.9781221513217867,0.95897903372835,4196.850364630811,270,259,0.04247104247104247,97.0464904284412,100.0,54.24710424710425,27.941718146086757,100.0,79.15462569986623
32,Shipper-032,Brand,Mid,Sports & Outdoors,3486,0.9761904761904762,0.9796328169822146,4177.401382673552,908,895,0.01452513966480447,97.75674125071716,100.0,51.452513966480446,30.23956466476847,100.0,79.1534598682265
13,Shipper-013,3PL,Top20,Automotive Parts,24517,0.9723865073214504,0.9728759636170821,4248.691626218542,6128,5930,0.03338954468802698,97.2582289839703,99.81310647624908,53.3389544688027,28.837452452606836,100.0,79.12415407590493
184,Shipper-184,3PL,LongTail,Automotive Parts,1211,0.9669694467382328,0.9727497935590421,4204.015524360033,291,287,0.013937282229965157,96.92815854665567,100.0,51.393728222996515,31.712740740455438,100.0,79.11410431966432
316,Shipper-316,3PL,LongTail,Home & Garden,819,0.9694749694749695,0.960927960927961,4053.8914285714286,213,205,0.03902439024390244,96.60561660561659,100.0,53.90243902439025,28.987992639241245,100.0,79.11037168244921
10,Shipper-010,Brand,Top20,Industrial Supplies,26708,0.9722929459338026,0.9719934102141681,4226.097693574959,6661,6505,0.023981552651806303,97.21731316459487,100.0,52.398155265180634,29.636395690470064,100.0,79.0902843559851
121,Shipper-121,Brand,LongTail,Toys & Games,1496,0.9659090909090909,0.9732620320855615,4264.598970588236,367,356,0.03089887640449438,96.88502673796793,99.33344245376648,53.08988764044944,30.363586724805845,100.0,79.07138417164278
171,Shipper-171,Brand,LongTail,Office Products,1272,0.9591194968553459,0.97562893081761,4292.458073899371,319,301,0.059800664451827246,96.57232704402516,98.67582375479886,55.98006644518272,28.22006816474465,100.0,79.0696775656555
9,Shipper-009,3PL,Top20,Apparel & Footwear,26823,0.9712560116318085,0.9769600715803601,4250.177166237931,6729,6569,0.0243568275232151,97.3537635611229,99.7780764828202,52.43568275232151,29.52844876807752,100.0,79.06705205471785
233,Shipper-233,Brand,LongTail,Consumer Electronics,1015,0.9822660098522168,0.9753694581280788,4319.0812807881775,241,232,0.03879310344827586,97.95073891625617,98.0473785934083,53.87931034482759,29.184214422037,100.0,79.0505605555
55,Shipper-055,3PL,Mid,Office Products,2448,0.9714052287581699,0.9726307189542484,4208.900543300653,586,572,0.024475524475524476,97.18954248366012,100.0,52.44755244755245,29.152618773048577,100.0,79.0192660505658
314,Shipper-314,Wholesaler,LongTail,Home & Garden,822,0.9768856447688564,0.9732360097323601,4348.937420924574,208,204,0.0196078431372549,97.54257907542578,97.3426195129233,51.96078431372549,33.47246990470269,100.0,79.01145594930907
34,Shipper-034,Brand,Mid,Consumer Electronics,3428,0.9737456242707118,0.9749124854142357,4170.491881563594,870,854,0.01873536299765808,97.42123687281213,100.0,51.87353629976581,29.338514873055832,100.0,79.00185555275516
223,Shipper-223,Wholesaler,LongTail,Industrial Supplies,1036,0.9681467181467182,0.9768339768339769,4346.194314671815,274,264,0.03787878787878788,97.16216216216216,97.40737098553616,53.78787878787879,31.593406233270017,100.0,78.99707808759895
219,Shipper-219,Brand,LongTail,Apparel & Footwear,1052,0.9752851711026616,0.9724334600760456,4181.108764258555,253,248,0.020161290322580645,97.41444866920152,100.0,52.016129032258064,28.888953204915325,100.0,78.96090338794937
205,Shipper-205,Wholesaler,LongTail,Home & Garden,1112,0.9685251798561151,0.9784172661870504,4300.480854316546,294,282,0.0425531914893617,97.24820143884892,98.48644470834775,54.25531914893617,28.69496706860254,100.0,78.95138049881923
100,Shipper-100,Wholesaler,Mid,Home & Garden,1657,0.9776704888352444,0.9776704888352444,4279.125811707906,399,393,0.015267175572519083,97.76704888352444,98.99724181013218,51.52671755725191,30.329495723656397,100.0,78.93419298758923
154,Shipper-154,Wholesaler,LongTail,Apparel & Footwear,1345,0.9814126394052045,0.9702602230483272,4204.867858736059,334,328,0.018292682926829267,97.69516728624536,100.0,51.829268292682926,28.37736576458303,100.0,78.93100870909765
14,Shipper-014,3PL,Top20,Toys & Games,24180,0.9739867659222498,0.9715880893300248,4253.8412522746075,5939,5801,0.02378900189622479,97.30272952853598,99.69167496679746,52.37890018962248,28.84464941152862,100.0,78.91621504991396
199,Shipper-199,Brand,LongTail,Consumer Electronics,1125,0.9715555555555555,0.9768888888888889,4116.342888888889,278,277,0.0036101083032490976,97.36888888888888,100.0,50.36101083032491,30.849588870125977,100.0,78.91030716325055
180,Shipper-180,3PL,LongTail,Consumer Electronics,1231,0.9772542648253453,0.9723801787164906,4196.734362307067,292,286,0.02097902097902098,97.53046303818034,100.0,52.0979020979021,28.18428873803349,100.0,78.90636264173955
30,Shipper-030,3PL,Mid,Automotive Parts,3672,0.971677559912854,0.9738562091503268,4249.117592592593,903,872,0.03555045871559633,97.2549019607843,99.70554369990599,53.555045871559635,27.255831364040173,100.0,78.90224039212974
334,Shipper-334,3PL,LongTail,Health & Beauty,805,0.968944099378882,0.9602484472049689,4276.393788819876,201,199,0.010050251256281407,96.54658385093168,99.05502383657605,51.00502512562814,33.151571903847355,100.0,78.90147192512624
182,Shipper-182,Brand,LongTail,Food & Beverage,1227,0.967400162999185,0.9690301548492257,4226.614140179299,313,305,0.02622950819672131,96.80521597392013,100.0,52.622950819672134,28.88580169904347,100.0,78.89902521096698
16,Shipper-016,Brand,Top20,Office Products,23055,0.9721101713294297,0.973715029277814,4234.865240078074,5736,5644,0.01630049610205528,97.27521145087834,100.0,51.630049610205525,29.169368724682275,100.0,78.88397866600695
122,Shipper-122,Brand,LongTail,Office Products,1476,0.9735772357723578,0.9688346883468835,4245.34837398374,364,365,-0.0027397260273972603,97.1680216802168,99.78785594123643,49.726027397260275,32.10718323031545,100.0,78.85865345337352
221,Shipper-221,Brand,LongTail,Automotive Parts,1045,0.9665071770334929,0.9760765550239234,4238.560794258373,250,247,0.012145748987854251,97.03349282296652,99.94807787294341,51.21457489878542,30.036949017256386,100.0,78.84552464747135
225,Shipper-225,Brand,LongTail,Toys & Games,1032,0.9738372093023255,0.9651162790697675,4291.755261627907,249,243,0.024691358024691357,97.03488372093022,98.69241375363754,52.46913580246913,30.264470439823665,100.0,78.81706628115583
66,Shipper-066,Wholesaler,Mid,Apparel & Footwear,2175,0.976551724137931,0.9760919540229885,4222.960698850575,537,539,-0.0037105751391465678,97.6367816091954,100.0,49.62894248608534,30.63437867732596,100.0,78.81197978157458
53,Shipper-053,Brand,Mid,Health & Beauty,2491,0.9771176234443998,0.9670814933761541,4204.7268968285825,618,605,0.021487603305785124,97.31031714171014,100.0,52.14876033057851,27.843053179850642,100.0,78.79930518560634
19,Shipper-019,Brand,Top20,Sports & Outdoors,21806,0.9727597908832432,0.9735852517655691,4240.115474640007,5375,5339,0.006742835737029406,97.30899752361735,100.0,50.674283573702944,29.549284741788316,100.0,78.75994868309404
305,Shipper-305,Brand,LongTail,Home & Garden,826,0.9648910411622276,0.9697336561743342,4272.960399515739,204,204,0.0,96.68280871670702,99.1360695537343,50.0,33.06825025500285,100.0,78.7490975416961
306,Shipper-306,Brand,LongTail,Office Products,826,0.9648910411622276,0.9733656174334141,4102.785399515738,203,195,0.041025641025641026,96.82808716707021,100.0,54.1025641025641,25.78238445350728,100.0,78.73629663865997
76,Shipper-076,Brand,Mid,Apparel & Footwear,1955,0.9749360613810741,0.9749360613810741,4238.692869565218,490,486,0.00823045267489712,97.49360613810741,99.95160465381612,50.82304526748971,28.894948881899484,100.0,78.7348343906691
260,Shipper-260,Brand,LongTail,Office Products,908,0.9669603524229075,0.9768722466960352,4150.895473568282,219,216,0.013888888888888888,97.09251101321586,100.0,51.388888888888886,28.806546732321458,100.0,78.72651309159076
80,Shipper-080,Brand,Mid,Automotive Parts,1844,0.9777657266811279,0.970173535791757,4255.581502169198,467,466,0.002145922746781116,97.47288503253796,99.55297218771985,50.21459227467811,30.26551774934768,100.0,78.71285467402912
228,Shipper-228,3PL,LongTail,Sports & Outdoors,1029,0.9757045675413022,0.9737609329446064,4109.235043731778,253,257,-0.01556420233463035,97.49271137026238,100.0,48.44357976653696,31.812597620961714,100.0,78.70841900753037
188,Shipper-188,3PL,LongTail,Toys & Games,1179,0.9652247667514843,0.9745547073791349,4250.299041560645,285,280,0.017857142857142856,96.89567430025446,99.67099462181113,51.785714285714285,29.032729347932285,100.0,78.69850320486182
54,Shipper-054,Wholesaler,Mid,Apparel & Footwear,2466,0.9679643146796432,0.9639091646390916,4210.008134630982,619,614,0.008143322475570033,96.63422546634226,100.0,50.814332247557005,30.273455950488326,100.0,78.69415248198733
322,Shipper-322,Wholesaler,LongTail,Sports & Outdoors,813,0.9606396063960639,0.980319803198032,4178.895362853628,205,198,0.03535353535353535,96.85116851168512,100.0,53.535353535353536,26.198153172127412,100.0,78.69214423639536
61,Shipper-061,Brand,Mid,Industrial Supplies,2327,0.9737859905457671,0.9724967769660507,4265.291241942416,566,560,0.010714285714285714,97.32703051138806,99.32378740990436,51.07142857142857,29.600684338949467,100.0,78.68344437102064
139,Shipper-139,Brand,LongTail,Toys & Games,1404,0.9650997150997151,0.9736467236467237,4248.255783475784,337,335,0.005970149253731343,96.85185185185186,99.71922606373569,50.59701492537314,30.512873227332193,100.0,78.68169604066394
84,Shipper-084,Wholesaler,Mid,Automotive Parts,1792,0.9732142857142857,0.9732142857142857,4124.6976674107145,439,442,-0.006787330316742082,97.32142857142856,100.0,49.321266968325794,30.80163444729124,100.0,78.6809271321874
208,Shipper-208,Wholesaler,LongTail,Industrial Supplies,1099,0.9727024567788899,0.9763421292083713,4297.087616014559,272,272,0.0,97.41583257506824,98.56654265452063,50.0,32.08700905094511,100.0,78.67943679379239
229,Shipper-229,Wholesaler,LongTail,Automotive Parts,1026,0.969785575048733,0.9756335282651072,4195.174044834308,255,257,-0.007782101167315175,97.21247563352826,100.0,49.221789883268485,31.106924269477755,100.0,78.67413930713383
170,Shipper-170,Brand,LongTail,Sports & Outdoors,1276,0.9663009404388715,0.9733542319749217,4292.756363636364,327,325,0.006153846153846154,96.91222570532916,98.66878257667601,50.61538461538461,32.00897471481071,100.0,78.66528648606628
17,Shipper-017,Wholesaler,Top20,Office Products,22445,0.9727779015370907,0.9731343283582089,4231.835376253063,5624,5622,0.0003557452863749555,97.29204722655379,100.0,50.0355745286375,29.78121214819822,100.0,78.66191089592337
294,Shipper-294,Brand,LongTail,Industrial Supplies,851,0.9706227967097533,0.9776733254994124,4285.917062279671,227,198,0.14646464646464646,97.34430082256169,98.83022540596613,64.64646464646465,26.021903970188344,79.16666666666666,78.66009178974788
18,Shipper-018,Brand,Top20,Sports & Outdoors,21940,0.9712397447584321,0.973792160437557,4245.018948951686,5476,5446,0.005508630187293426,97.22607110300821,99.89971057903003,50.550863018729345,29.26983490576238,100.0,78.6433968152702
73,Shipper-073,3PL,Mid,Consumer Electronics,2002,0.9735264735264735,0.9690309690309691,4295.99564935065,507,491,0.032586558044806514,97.17282717282718,98.59905297271348,53.258655804480654,27.630521839138524,100.0,78.59792083179345
124,Shipper-124,Wholesaler,LongTail,Consumer Electronics,1463,0.9699248120300752,0.9753930280246069,4285.459514695831,376,367,0.02452316076294278,97.21120984278879,98.84102589166162,52.45231607629428,28.221145333925968,100.0,78.59725444109979
313,Shipper-313,3PL,LongTail,Home & Garden,822,0.9647201946472019,0.9671532846715328,4204.278248175183,207,211,-0.018957345971563982,96.56934306569343,100.0,48.1042654028436,33.199957974122555,100.0,78.57164969639513
330,Shipper-330,Brand,LongTail,Home & Garden,808,0.969059405940594,0.9801980198019802,4245.187660891089,205,202,0.01485148514851485,97.35148514851485,99.79164960012471,51.48514851485149,27.395254438891538,100.0,78.55967581338967
158,Shipper-158,Wholesaler,LongTail,Health & Beauty,1341,0.9694258016405667,0.9701715137956749,4287.7919239373605,345,338,0.020710059171597635,96.972408650261,98.78596898930032,52.071005917159766,28.874915115217213,100.0,78.53365329311791
8,Shipper-008,Brand,Top20,Office Products,26881,0.9727316692087348,0.9730292771846285,4252.313051597783,6597,6606,-0.0013623978201634877,97.28507123990923,99.72771092609071,49.86376021798365,29.606627163008802,100.0,78.5311952215435
202,Shipper-202,Wholesaler,LongTail,Food & Beverage,1116,0.9740143369175627,0.982078853046595,4213.4456451612905,268,278,-0.03597122302158273,97.72401433691756,100.0,46.402877697841724,32.7249420174501,100.0,78.50652114326112
131,Shipper-131,Wholesaler,LongTail,Food & Beverage,1444,0.9667590027700831,0.9799168975069252,4289.905076177285,357,352,0.014204545454545454,97.202216066482,98.73608768439182,51.42045454545455,29.053322526622992,100.0,78.4867760291269
258,Shipper-258,Wholesaler,LongTail,Consumer Electronics,913,0.9704271631982475,0.9802847754654983,4228.6387513691125,213,217,-0.018433179723502304,97.43702081051478,100.0,48.15668202764977,30.75150786148726,100.0,78.47516882790748
144,Shipper-144,3PL,LongTail,Home & Garden,1379,0.9637418419144308,0.9753444525018129,4219.593321247281,333,328,0.01524390243902439,96.83828861493836,100.0,51.52439024390244,27.419664077993776,100.0,78.46931424496105
140,Shipper-140,Wholesaler,LongTail,Industrial Supplies,1398,0.9685264663805436,0.9642346208869814,4222.713068669528,349,344,0.014534883720930232,96.68097281831187,100.0,51.45348837209302,27.824498668781416,100.0,78.46866432022938
327,Shipper-327,Wholesaler,LongTail,Toys & Games,812,0.9729064039408867,0.9667487684729064,4257.738152709359,211,210,0.004761904761904762,97.04433497536947,99.49539318408868,50.476190476190474,29.22471091451677,100.0,78.4660935210486
21,Shipper-021,Wholesaler,Mid,Apparel & Footwear,4633,0.9730196417008418,0.9721562702352687,4242.401282106626,1140,1136,0.0035211267605633804,97.26742931146126,99.86407278126323,50.352112676056336,28.322915188005894,100.0,78.46510680216633
164,Shipper-164,Brand,LongTail,Automotive Parts,1319,0.9704321455648218,0.978013646702047,4264.395822592874,326,329,-0.00911854103343465,97.3464746019712,99.33823779548713,49.088145896656535,30.680290341152194,100.0,78.45817455996728
261,Shipper-261,Wholesaler,LongTail,Sports & Outdoors,907,0.9636163175303197,0.9713340683572216,4163.862260198456,229,225,0.017777777777777778,96.67034178610805,100.0,51.77777777777778,27.282800806773277,100.0,78.44907821240396
45,Shipper-045,3PL,Mid,Health & Beauty,2769,0.9725532683279162,0.9732755507403394,4267.455485734922,683,682,0.001466275659824047,97.28421812928856,99.27270347312445,50.146627565982406,29.38585093977647,100.0,78.44064446123063
165,Shipper-165,Brand,LongTail,Automotive Parts,1313,0.9710586443259711,0.9756283320639756,4235.836527037319,320,324,-0.012345679012345678,97.28865194211728,100.0,48.76543209876543,29.921321924041543,100.0,78.4278802909945
98,Shipper-098,3PL,Mid,Industrial Supplies,1693,0.9669226225634967,0.9722386296515062,4230.268151210868,423,414,0.021739130434782608,96.90490253987005,100.0,52.17391304347826,26.100618529463627,100.0,78.4213461500762
12,Shipper-012,Wholesaler,Top20,Automotive Parts,24698,0.9729937646773018,0.9723864280508543,4212.483754959916,6048,6131,-0.013537758930027727,97.27508300267228,100.0,48.646224106997224,30.015523409592358,100.0,78.41409823363998
153,Shipper-153,3PL,LongTail,Automotive Parts,1347,0.9836674090571641,0.9673348181143281,4194.18574610245,332,347,-0.043227665706051875,97.71343726800296,100.0,45.67723342939481,33.060761444846655,100.0,78.40859208300685
250,Shipper-250,Wholesaler,LongTail,Consumer Electronics,951,0.9663512092534174,0.9810725552050473,4219.527171398528,230,235,-0.02127659574468085,97.22397476340694,100.0,47.87234042553192,31.03630720675229,100.0,78.39710659514131
248,Shipper-248,Brand,LongTail,Automotive Parts,960,0.9614583333333333,0.9802083333333333,4263.905510416666,246,245,0.004081632653061225,96.89583333333333,99.34981169475459,50.40816326530612,29.375396993127524,100.0,78.394145125719
87,Shipper-087,Brand,Mid,Food & Beverage,1776,0.9831081081081081,0.9673423423423423,4225.882421171171,440,439,0.002277904328018223,97.68018018018019,100.0,50.227790432801825,26.88454463333041,100.0,78.38229383561399
161,Shipper-161,Brand,LongTail,Home & Garden,1332,0.9804804804804805,0.9774774774774775,4126.165382882883,318,329,-0.03343465045592705,97.92792792792793,100.0,46.65653495440729,31.122969557640467,100.0,78.3781308029059
214,Shipper-214,Brand,LongTail,Automotive Parts,1065,0.9774647887323944,0.9699530516431925,4270.788685446009,268,266,0.007518796992481203,97.44600938967136,99.18733322023192,50.75187969924812,27.95871532426535,100.0,78.37481936044881
108,Shipper-108,Wholesaler,LongTail,Apparel & Footwear,1614,0.969640644361834,0.9727385377942999,4251.619411400248,399,400,-0.0025,97.08798017348202,99.63982707537652,49.75,29.18876156909732,100.0,78.36466505625333
91,Shipper-091,Brand,Mid,Toys & Games,1732,0.9711316397228638,0.9774826789838337,4265.694763279445,423,415,0.01927710843373494,97.36720554272516,99.3142628551654,51.9277108433735,26.244504661549218,100.0,78.36094524451597
36,Shipper-036,3PL,Mid,Health & Beauty,3346,0.9751942618051405,0.9739988045427376,4263.693846383741,804,825,-0.025454545454545455,97.47160789001794,99.3614916898077,47.45454545454545,31.882741001908045,100.0,78.3551755306526
148,Shipper-148,3PL,LongTail,Toys & Games,1365,0.9714285714285714,0.96996336996337,4296.259472527472,349,348,0.0028735632183908046,97.08424908424908,98.58609111724228,50.28735632183908,30.138839232320326,100.0,78.35009465380116
337,Shipper-337,Wholesaler,LongTail,Health & Beauty,801,0.978776529338327,0.9850187265917603,4289.678539325842,200,201,-0.004975124378109453,98.12734082397003,98.74143512389301,49.50248756218905,28.82386321988716,100.0,78.34763802358515
269,Shipper-269,Brand,LongTail,Apparel & Footwear,895,0.9709497206703911,0.9743016759776536,4258.136022346369,227,228,-0.0043859649122807015,97.2290502793296,99.48600140610765,49.56140350877193,29.265376585291058,100.0,78.34230262487384
106,Shipper-106,3PL,LongTail,Food & Beverage,1638,0.9792429792429792,0.978021978021978,4234.247869352869,405,417,-0.02877697841726619,97.87545787545785,100.0,47.12230215827338,30.118079807003827,100.0,78.30480976534261
85,Shipper-085,Brand,Mid,Home & Garden,1790,0.9715083798882681,0.9776536312849162,4167.6734581005585,442,449,-0.015590200445434299,97.39664804469274,100.0,48.44097995545657,29.17351277568749,100.0,78.28321732085224
172,Shipper-172,Brand,LongTail,Office Products,1268,0.9652996845425867,0.9700315457413249,4243.557365930599,310,301,0.029900332225913623,96.71924290220821,99.83013297982568,52.990033222591364,24.644789666875198,100.0,78.26803121016844
79,Shipper-079,Brand,Mid,Consumer Electronics,1881,0.9696969696969697,0.9718234981392876,4271.025709728868,462,463,-0.0021598272138228943,97.05475810738969,99.1884333472596,49.78401727861771,29.21377818516445,100.0,78.25240595253001
304,Shipper-304,Brand,LongTail,Office Products,828,0.9746376811594203,0.9782608695652174,4216.598599033817,196,199,-0.01507537688442211,97.60869565217392,100.0,48.49246231155779,28.35353927026495,100.0,78.23413204850347
96,Shipper-096,Brand,Mid,Office Products,1704,0.9706572769953051,0.9806338028169014,4237.368245305164,438,444,-0.013513513513513514,97.46478873239437,99.98287055010375,48.648648648648646,28.404009178523616,100.0,78.22548536375251
321,Shipper-321,Brand,LongTail,Home & Garden,813,0.9704797047970479,0.965559655596556,4252.357134071341,211,209,0.009569377990430622,96.85116851168512,99.62241301083378,50.95693779904306,35.41942572645544,87.5,78.21525522499091
134,Shipper-134,3PL,LongTail,Sports & Outdoors,1431,0.9706498951781971,0.9678546470999301,4172.937679944095,365,371,-0.016172506738544475,96.95317959468903,100.0,48.38274932614555,29.625059336529503,100.0,78.20626264411524
20,Shipper-020,Brand,Top20,Automotive Parts,21790,0.9698026617714548,0.9728774667278568,4266.302951812758,5349,5425,-0.014009216589861751,97.10325837540157,99.3978200404834,48.59907834101382,29.955472831568773,100.0,78.19356911567941
325,Shipper-325,Brand,LongTail,Apparel & Footwear,812,0.9716748768472906,0.9716748768472906,4201.472081280788,188,192,-0.020833333333333332,97.16748768472905,100.0,47.916666666666664,29.720787393602166,100.0,78.19169774779238
42,Shipper-042,Wholesaler,Mid,Apparel & Footwear,2893,0.9720013826477705,0.9709643968199101,4259.365447632215,712,713,-0.001402524544179523,97.15865883166263,99.46365746657771,49.859747545582046,28.032001479183933,100.0,78.19026174713723
27,Shipper-027,Wholesaler,Mid,Toys & Games,3951,0.9711465451784358,0.9774740572007087,4238.499382434827,1028,947,0.08553326293558607,97.36775499873448,99.95617164593172,58.553326293558605,29.058845519740196,79.16666666666666,78.18552816444269
230,Shipper-230,Brand,LongTail,Automotive Parts,1022,0.961839530332681,0.9755381604696673,4335.7398238747555,263,256,0.02734375,96.73189823874755,97.65415095399203,52.734375,28.03639320910688,100.0,78.18544119148831
270,Shipper-270,3PL,LongTail,Automotive Parts,894,0.9653243847874721,0.9686800894854586,4259.091140939598,217,220,-0.013636363636363636,96.66666666666667,99.46345567519793,48.63636363636363,30.600924789489802,100.0,78.18327536449567
102,Shipper-102,Wholesaler,LongTail,Health & Beauty,1649,0.9739235900545785,0.9745300181928441,4179.723262583384,392,402,-0.024875621890547265,97.41661613098846,100.0,47.51243781094527,29.693893197045696,100.0,78.18155638104244
23,Shipper-023,Wholesaler,Mid,Apparel & Footwear,4322,0.968533086534012,0.9738546968995835,4278.587987043035,1039,1042,-0.0028790786948176585,97.06617306802406,99.00993640640367,49.712092130518236,29.093843726206124,100.0,78.1788310070427
83,Shipper-083,Brand,Mid,Toys & Games,1795,0.9715877437325905,0.977158774373259,4223.632824512535,440,456,-0.03508771929824561,97.38161559888579,100.0,46.49122807017544,31.08392980928413,100.0,78.17531976509345
28,Shipper-028,Brand,Mid,Sports & Outdoors,3733,0.970800964371819,0.974819180283954,4222.177342619877,919,931,-0.01288936627282492,97.2408250736673,100.0,48.71106337271751,28.311912643416825,100.0,78.1612470931562
328,Shipper-328,Wholesaler,LongTail,Home & Garden,811,0.9827373612823674,0.9765721331689272,3994.375215782984,212,222,-0.04504504504504504,98.02712700369914,100.0,45.4954954954955,30.956204377042283,100.0,78.15066785676518
59,Shipper-059,3PL,Mid,Sports & Outdoors,2400,0.9708333333333333,0.9729166666666667,4241.4113125,586,597,-0.018425460636515914,97.16666666666667,99.8874396242104,48.15745393634841,29.313937844322624,100.0,78.15044136997068
52,Shipper-052,Wholesaler,Mid,Sports & Outdoors,2524,0.9710776545166403,0.9702852614896988,4257.982357369255,612,630,-0.02857142857142857,97.07606973058638,99.49630337079543,47.142857142857146,31.450926716221694,100.0,78.14310719787944
273,Shipper-273,Wholesaler,LongTail,Health & Beauty,893,0.973124300111982,0.9776035834266518,4256.804703247481,219,221,-0.00904977375565611,97.49160134378498,99.51742741160193,49.09502262443439,27.882108578504795,100.0,78.12815806769858
331,Shipper-331,Wholesaler,LongTail,Toys & Games,808,0.9777227722772277,0.9777227722772277,4236.164975247525,192,193,-0.0051813471502590676,97.77227722772277,100.0,49.48186528497409,25.78951758017779,100.0,78.09648386233832
117,Shipper-117,Wholesaler,LongTail,Apparel & Footwear,1515,0.972937293729373,0.972937293729373,4308.176825082508,357,361,-0.0110803324099723,97.29372937293729,98.30478005726827,48.89196675900277,30.320299288855914,100.0,78.09075207132719
70,Shipper-070,3PL,Mid,Automotive Parts,2017,0.9762022806147744,0.9771938522558254,4233.037659890927,476,493,-0.034482758620689655,97.65989092711949,100.0,46.55172413793103,29.809723956465938,100.0,78.07977069919194
105,Shipper-105,Brand,LongTail,Sports & Outdoors,1639,0.9743746186699207,0.9640024405125076,4307.698932275778,410,407,0.007371007371007371,97.02257474069556,98.31606079528406,50.73710073710074,28.307623713192655,100.0,78.07935132542872
259,Shipper-259,Wholesaler,LongTail,Home & Garden,911,0.9703622392974753,0.960482985729967,4267.919604829857,236,241,-0.02074688796680498,96.6410537870472,99.25505833833624,47.9253112033195,31.148026878500158,100.0,78.06334699313715
204,Shipper-204,Wholesaler,LongTail,Industrial Supplies,1113,0.9748427672955975,0.9748427672955975,4358.925435759209,263,267,-0.0149812734082397,97.48427672955975,97.1068507860025,48.50187265917603,32.25499947821221,100.0,78.06062016893559
236,Shipper-236,Wholesaler,LongTail,Industrial Supplies,1000,0.967,0.984,4132.40036,243,248,-0.020161290322580645,97.38,100.0,47.983870967741936,27.966474271844575,100.0,78.00574533432507
132,Shipper-132,Wholesaler,LongTail,Automotive Parts,1441,0.974323386537127,0.9757113115891742,4117.3410201249135,368,364,0.01098901098901099,97.48785565579459,100.0,51.0989010989011,29.130293999325108,91.66666666666666,78.00234768308403
293,Shipper-293,3PL,LongTail,Sports & Outdoors,855,0.9719298245614035,0.9730994152046784,4247.5369122807015,207,214,-0.03271028037383177,97.23976608187135,99.73619513609798,46.728971962616825,30.247670200221354,100.0,77.98892353114248
277,Shipper-277,Brand,LongTail,Toys & Games,883,0.9716874292185731,0.9716874292185731,4224.5562400906,214,223,-0.04035874439461883,97.16874292185732,100.0,45.964125560538115,30.946198024095583,100.0,77.98537769227916
175,Shipper-175,Brand,LongTail,Automotive Parts,1250,0.9752,0.9752,4133.57916,305,314,-0.028662420382165606,97.52,100.0,47.13375796178344,28.63566791235659,100.0,77.97810177921018
120,Shipper-120,Wholesaler,LongTail,Industrial Supplies,1500,0.9673333333333334,0.9733333333333334,4326.50018,375,345,0.08695652173913043,96.97333333333333,97.87225426176835,58.69565217391305,34.52100846667325,75.0,77.97734527022568
281,Shipper-281,Brand,LongTail,Health & Beauty,876,0.9680365296803652,0.9703196347031964,4380.437317351598,211,208,0.014423076923076924,96.89497716894977,96.59905929583354,51.44230769230769,29.775311682321647,100.0,77.97301626545311
189,Shipper-189,Brand,LongTail,Automotive Parts,1179,0.9787955894826124,0.9762510602205259,4293.865250212044,294,295,-0.003389830508474576,97.77777777777777,98.64260712734236,49.66101694915254,26.748554407506152,100.0,77.93847166612535
297,Shipper-297,Wholesaler,LongTail,Apparel & Footwear,846,0.9645390070921985,0.9787234042553191,4401.385378250591,201,199,0.010050251256281407,97.02127659574468,96.10457688552624,51.00502512562814,30.66968826089803,100.0,77.93398546436529
56,Shipper-056,Wholesaler,Mid,Automotive Parts,2432,0.9703947368421053,0.9745065789473685,4294.783885690789,562,574,-0.020905923344947737,97.20394736842107,98.62765495295562,47.90940766550523,30.12031600431063,100.0,77.91802688251286
130,Shipper-130,3PL,LongTail,Industrial Supplies,1448,0.9682320441988951,0.9744475138121547,4241.813183701657,353,367,-0.03814713896457766,97.0718232044199,99.87130468716133,46.18528610354223,30.39559536447527,100.0,77.88576965849603
275,Shipper-275,Brand,LongTail,Home & Garden,887,0.971815107102593,0.9706877113866967,4268.10543404735,220,218,0.009174311926605505,97.13641488162345,99.25067180920524,50.91743119266055,24.988008064102573,100.0,77.88527986493584
43,Shipper-043,Brand,Mid,Home & Garden,2877,0.9687174139728885,0.9746263468891206,4243.85902676399,702,721,-0.026352288488210817,97.10809871393813,99.82966476485777,47.36477115117892,28.81607990007359,100.0,77.88521202064271
311,Shipper-311,Brand,LongTail,Apparel & Footwear,822,0.9829683698296837,0.9732360097323601,4092.95697080292,199,213,-0.06572769953051644,97.90754257907544,100.0,43.42723004694835,32.129582265666045,100.0,77.8771461229622
290,Shipper-290,Wholesaler,LongTail,Apparel & Footwear,862,0.9651972157772621,0.9814385150812065,4162.040290023202,210,221,-0.049773755656108594,97.16937354988399,100.0,45.022624434389144,31.459723156475516,100.0,77.87429542531436
196,Shipper-196,Brand,LongTail,Automotive Parts,1145,0.9764192139737992,0.9868995633187773,4170.41519650655,271,295,-0.08135593220338982,98.06113537117905,100.0,41.86440677966102,33.85209110237578,100.0,77.8690356326423
95,Shipper-095,Brand,Mid,Consumer Electronics,1705,0.9695014662756598,0.9689149560117302,4165.923483870968,409,429,-0.046620046620046623,96.9266862170088,100.0,45.33799533799534,31.407224754880183,100.0,77.85668864593373
167,Shipper-167,3PL,LongTail,Home & Garden,1302,0.9800307219662059,0.9815668202764977,4189.362580645161,318,342,-0.07017543859649122,98.06451612903226,100.0,42.98245614035088,32.25311978804953,100.0,77.8538140349873
303,Shipper-303,Brand,LongTail,Toys & Games,831,0.9663056558363418,0.9687123947051745,4320.842635379061,202,201,0.004975124378109453,96.72683513838749,98.00580152965497,50.49751243781095,28.225484651892664,100.0,77.85282610927607
173,Shipper-173,Brand,LongTail,Consumer Electronics,1254,0.981658692185008,0.9681020733652312,4137.373181818181,283,295,-0.04067796610169491,97.62360446570972,100.0,45.932203389830505,29.045424077698335,100.0,77.83033562933376
152,Shipper-152,Brand,LongTail,Health & Beauty,1348,0.973293768545994,0.9770029673590505,4257.527930267062,310,323,-0.04024767801857585,97.47774480712165,99.50035551928853,45.975232198142415,29.923742739071358,100.0,77.80202017244781
38,Shipper-038,Wholesaler,Mid,Automotive Parts,3186,0.9670433145009416,0.9745762711864406,4215.751801632141,776,810,-0.04197530864197531,97.00564971751413,100.0,45.80246913580247,30.205554037263806,100.0,77.7930218480043
145,Shipper-145,3PL,LongTail,Automotive Parts,1369,0.970781592403214,0.9817384952520087,4280.328371073777,355,334,0.06287425149700598,97.51643535427318,98.96214737770752,56.287425149700596,28.040628656879797,83.33333333333334,77.79238011251425
77,Shipper-077,Wholesaler,Mid,Food & Beverage,1910,0.9717277486910995,0.9732984293193717,4211.548209424083,464,461,0.006507592190889371,97.23560209424085,100.0,50.65075921908894,31.50895909717615,87.5,77.77717633666646
240,Shipper-240,Wholesaler,LongTail,Automotive Parts,988,0.9757085020242915,0.9838056680161943,4237.446497975709,235,238,-0.012605042016806723,97.89473684210527,99.97438101929693,48.739495798319325,27.225153710191574,95.83333333333334,77.77702185698173
128,Shipper-128,Brand,LongTail,Industrial Supplies,1449,0.979296066252588,0.9744651483781919,4262.524195997239,334,354,-0.05649717514124294,97.73636991028295,99.38241784798302,44.35028248587571,31.428002676457922,100.0,77.75077233372447
291,Shipper-291,Wholesaler,LongTail,Sports & Outdoors,858,0.9743589743589743,0.9801864801864801,4293.2461771561775,211,222,-0.04954954954954955,97.66899766899766,98.6572204482744,45.04504504504504,31.82278323242751,100.0,77.74743090664103
251,Shipper-251,Brand,LongTail,Automotive Parts,945,0.9714285714285714,0.9703703703703703,4218.702476190476,236,243,-0.02880658436213992,97.1005291005291,100.0,47.11934156378601,27.879772357364697,100.0,77.73599289652063
127,Shipper-127,Wholesaler,LongTail,Automotive Parts,1452,0.9758953168044077,0.9731404958677686,4244.404304407713,346,351,-0.014245014245014245,97.47933884297521,99.81014085828447,48.57549857549858,28.26523571464403,95.83333333333334,77.73455527309333
200,Shipper-200,3PL,LongTail,Home & Garden,1121,0.9643175735950045,0.9661016949152542,4241.022497769848,278,285,-0.02456140350877193,96.50312221231043,99.88996895815244,47.54385964912281,28.580094829283674,100.0,77.71921505744835
44,Shipper-044,Wholesaler,Mid,Automotive Parts,2866,0.9696441032798325,0.9766224703419399,4285.273108862526,696,726,-0.04132231404958678,97.24354501046754,98.85214348973915,45.86776859504132,30.971941406766888,100.0,77.70544430559835
234,Shipper-234,Wholesaler,LongTail,Consumer Electronics,1010,0.9762376237623762,0.9643564356435643,4295.092128712871,239,255,-0.06274509803921569,97.14851485148515,98.61364645928012,43.72549019607843,34.33235689631188,100.0,77.69291764392804
69,Shipper-069,Wholesaler,Mid,Health & Beauty,2021,0.9722909450766947,0.9802078179119248,4259.093755566551,480,502,-0.043824701195219126,97.54576942107866,99.47007037641441,45.61752988047809,29.56689516011276,100.0,77.68978867053973
252,Shipper-252,Wholesaler,LongTail,Office Products,934,0.9828693790149893,0.9700214132762313,4220.100321199144,216,225,-0.04,97.77301927194861,100.0,46.0,27.533341114501553,100.0,77.66190694875982
265,Shipper-265,Wholesaler,LongTail,Food & Beverage,901,0.9633740288568258,0.9811320754716981,4287.409589345172,221,226,-0.022123893805309734,97.04772475027748,98.79499406000258,47.78761061946903,28.578722427261983,100.0,77.65739642806699
274,Shipper-274,Wholesaler,LongTail,Food & Beverage,890,0.9674157303370786,0.9719101123595506,4146.539337078651,213,223,-0.04484304932735426,96.92134831460675,100.0,45.51569506726457,29.779069123043346,100.0,77.64640387629144
39,Shipper-039,Wholesaler,Mid,Apparel & Footwear,3186,0.970495919648462,0.9783427495291902,4202.055502197112,755,787,-0.04066073697585769,97.36346516007532,100.0,45.93392630241423,28.262047059477613,100.0,77.63513186742709
89,Shipper-089,3PL,Mid,Industrial Supplies,1769,0.9689089881288864,0.9700395703787451,4264.339174674958,460,458,0.004366812227074236,96.93612210288298,99.34625962133885,50.43668122270742,26.97840525729489,95.83333333333334,77.63483190266865
253,Shipper-253,Brand,LongTail,Home & Garden,933,0.9764201500535906,0.9646302250803859,4104.617009646302,223,235,-0.05106382978723404,97.17041800643086,100.0,44.8936170212766,29.821027323456907,100.0,77.60300290470312
191,Shipper-191,Wholesaler,LongTail,Office Products,1167,0.976006855184233,0.9751499571550986,4369.900119965724,294,295,-0.003389830508474576,97.56640959725793,96.84779156687163,49.66101694915254,27.732984196757894,100.0,77.57402179023947
92,Shipper-092,Brand,Mid,Home & Garden,1731,0.9670710571923743,0.9728480647024841,4234.28278451762,403,442,-0.08823529411764706,96.93818601964182,100.0,41.17647058823529,34.9510891520608,100.0,77.55941329634872
267,Shipper-267,Brand,LongTail,Apparel & Footwear,900,0.9733333333333334,0.9766666666666667,4268.656288888889,231,237,-0.02531645569620253,97.46666666666667,99.2376687904014,47.46835443037975,26.63802089806285,100.0,77.53879121838573
35,Shipper-035,Brand,Mid,Home & Garden,3428,0.9746207701283547,0.9752042007001167,4287.3057963827305,827,864,-0.04282407407407408,97.48541423570596,98.80416475410182,45.717592592592595,29.3385148730558,100.0,77.49096120871413
50,Shipper-050,3PL,Mid,Sports & Outdoors,2548,0.9725274725274725,0.9713500784929356,4228.466091051805,645,645,0.0,97.20565149136577,100.0,50.0,27.750353957424988,91.66666666666666,77.49091520769015
119,Shipper-119,Brand,LongTail,Consumer Electronics,1508,0.9714854111405835,0.9714854111405835,4177.388627320955,382,403,-0.052109181141439205,97.14854111405835,100.0,44.78908188585608,29.24484135979304,100.0,77.48910491535769
155,Shipper-155,Wholesaler,LongTail,Toys & Games,1344,0.9754464285714286,0.9717261904761905,4188.216696428572,319,343,-0.06997084548104957,97.39583333333333,100.0,43.00291545189504,31.06814954542828,100.0,77.47955552219325
247,Shipper-247,3PL,LongTail,Toys & Games,966,0.974120082815735,0.979296066252588,4253.0630641821945,232,239,-0.029288702928870293,97.61904761904762,99.60574941488538,47.07112970711297,25.798428142123264,100.0,77.47114180217672
99,Shipper-099,3PL,Mid,Consumer Electronics,1663,0.9717378232110644,0.9771497294046904,4293.378568851474,391,398,-0.017587939698492462,97.39025856885148,98.66082548430883,48.24120603015076,26.222182862302013,100.0,77.4638525771081
135,Shipper-135,3PL,LongTail,Toys & Games,1425,0.9782456140350877,0.9712280701754386,4171.70310877193,343,366,-0.06284153005464481,97.5438596491228,100.0,43.71584699453552,29.643693558424143,100.0,77.45288132740757
162,Shipper-162,Brand,LongTail,Food & Beverage,1326,0.9675716440422323,0.9766214177978884,4143.5464856711915,323,331,-0.02416918429003021,97.11915535444946,100.0,47.58308157099698,25.033868409623427,100.0,77.40744318197774
150,Shipper-150,Wholesaler,LongTail,Health & Beauty,1353,0.975609756097561,0.9711751662971175,4208.153665927568,325,339,-0.04129793510324484,97.38359201773837,100.0,45.87020648967552,26.717570397036038,100.0,77.39675446281203
339,Shipper-339,3PL,LongTail,Office Products,797,0.972396486825596,0.9899623588456713,4273.547377666248,187,200,-0.065,97.94228356336261,99.12221383830261,43.5,29.67893999134238,100.0,77.31507952728579
62,Shipper-062,Wholesaler,Mid,Apparel & Footwear,2309,0.9735816370723257,0.9761801645734084,4263.890134257254,543,584,-0.0702054794520548,97.46210480727588,99.35685859008211,42.97945205479452,30.791277440347663,100.0,77.29242811671435
326,Shipper-326,Wholesaler,LongTail,Apparel & Footwear,812,0.9729064039408867,0.9556650246305419,4325.017955665025,204,206,-0.009708737864077669,96.60098522167489,97.90724241008952,49.029126213592235,26.844537399559186,100.0,77.28961202167717
107,Shipper-107,Wholesaler,LongTail,Consumer Electronics,1637,0.9725106902871106,0.9755650580329872,4445.007342700061,403,405,-0.0049382716049382715,97.37324373854612,95.07487326630726,49.50617283950617,29.3574215683571,100.0,77.28553924129545
308,Shipper-308,Wholesaler,LongTail,Sports & Outdoors,824,0.9793689320388349,0.9757281553398058,4191.455776699029,197,205,-0.03902439024390244,97.79126213592232,100.0,46.09756097560975,24.844885479813207,100.0,77.28362365787062
217,Shipper-217,Brand,LongTail,Sports & Outdoors,1059,0.9688385269121813,0.9745042492917847,4236.42492917847,262,285,-0.08070175438596491,97.11048158640227,99.99849531816159,41.92982456140351,31.414710705555258,100.0,77.23093982357507
257,Shipper-257,Wholesaler,LongTail,Food & Beverage,916,0.9683406113537117,0.9694323144104804,4077.39961790393,219,236,-0.07203389830508475,96.87772925764192,100.0,42.79661016949152,30.39283705211736,100.0,77.18156636900848
114,Shipper-114,Brand,LongTail,Industrial Supplies,1522,0.9717477003942181,0.9789750328515112,4382.824743758213,372,393,-0.05343511450381679,97.46386333771353,96.54270370427466,44.656488549618324,32.2658788921222,100.0,77.14601447112472
279,Shipper-279,Wholesaler,LongTail,Toys & Games,881,0.9648127128263337,0.9750283768444948,4219.80247446084,211,222,-0.04954954954954955,96.88989784335982,100.0,45.04504504504504,27.052559549990917,100.0,77.1338622945156
113,Shipper-113,3PL,LongTail,Office Products,1547,0.9715578539107951,0.9786683904330963,4244.697032967033,374,402,-0.06965174129353234,97.44020685197154,99.80323095267192,43.03482587064676,28.695977819965222,100.0,77.09423164088358
317,Shipper-317,3PL,LongTail,Sports & Outdoors,819,0.9755799755799756,0.9719169719169719,4313.034053724054,207,211,-0.018957345971563982,97.41147741147739,98.19012437922407,48.1042654028436,24.662657259712574,100.0,77.09122598777485
82,Shipper-082,Wholesaler,Mid,Health & Beauty,1807,0.9651355838406198,0.9734366353071389,4205.6344106253455,431,462,-0.0670995670995671,96.84560044272274,100.0,43.290043290043286,29.11829035253858,100.0,77.07943234370626
151,Shipper-151,3PL,LongTail,Office Products,1352,0.9711538461538461,0.9659763313609467,4188.697396449704,319,338,-0.05621301775147929,96.90828402366863,100.0,44.37869822485207,27.389734425288136,100.0,77.05668501586423
181,Shipper-181,Wholesaler,LongTail,Automotive Parts,1227,0.9763651181744091,0.973920130399348,4247.377799511002,297,322,-0.07763975155279502,97.53871230643847,99.73995101910074,42.2360248447205,29.37318266550547,100.0,77.04978381547664
68,Shipper-068,Brand,Mid,Industrial Supplies,2066,0.9685382381413359,0.9772507260406583,4273.871665053243,495,538,-0.07992565055762081,97.20232333010648,99.1212585666863,42.00743494423792,31.116083923805505,100.0,77.00991121812193
157,Shipper-157,3PL,LongTail,Automotive Parts,1342,0.9746646795827124,0.9709388971684053,4223.751140089419,311,337,-0.0771513353115727,97.31743666169896,100.0,42.28486646884273,28.74958494084936,100.0,76.96464203340564
109,Shipper-109,Wholesaler,LongTail,Toys & Games,1609,0.9776258545680547,0.9633312616532007,4224.99921068987,374,409,-0.08557457212713937,97.19080174021131,100.0,41.442542787286065,30.10176077312642,100.0,76.96101319548957
296,Shipper-296,Brand,LongTail,Consumer Electronics,848,0.9705188679245284,0.9811320754716981,4312.837594339622,206,224,-0.08035714285714286,97.47641509433963,98.19476183518763,41.964285714285715,31.736143450072873,100.0,76.94489364746687
255,Shipper-255,Wholesaler,LongTail,Food & Beverage,927,0.9697950377562028,0.9773462783171522,4313.435393743258,214,234,-0.08547008547008547,97.28155339805825,98.18065068230264,41.452991452991455,32.586815771088574,100.0,76.9082493462547
212,Shipper-212,Wholesaler,LongTail,Home & Garden,1087,0.9733210671573137,0.9705611775528978,4192.960257589696,258,284,-0.09154929577464789,97.22171113155473,100.0,40.84507042253521,30.414385862394834,100.0,76.89768530333268
203,Shipper-203,Wholesaler,LongTail,Industrial Supplies,1114,0.9766606822262118,0.9694793536804309,4186.112226211849,267,296,-0.09797297297297297,97.37881508078993,100.0,40.2027027027027,30.93853369266848,100.0,76.89496511867779
168,Shipper-168,Brand,LongTail,Food & Beverage,1300,0.9815384615384616,0.9761538461538461,4330.7973923076925,306,330,-0.07272727272727272,97.93846153846152,97.77081786105539,42.72727272727273,29.786256336427485,100.0,76.83763592272098
220,Shipper-220,Wholesaler,LongTail,Home & Garden,1050,0.9704761904761905,0.9647619047619047,4321.324685714286,243,256,-0.05078125,96.81904761904762,97.99442265249778,44.921875,27.903958416929097,100.0,76.7142887113781
63,Shipper-063,Brand,Mid,Sports & Outdoors,2283,0.9763469119579501,0.9745948313622427,4275.215370127026,536,587,-0.0868824531516184,97.56460797196671,99.08954229457424,41.311754684838164,29.391230628865483,100.0,76.71280349653104
48,Shipper-048,Wholesaler,Mid,Health & Beauty,2632,0.9764437689969605,0.9718844984802432,4198.6051101823705,637,692,-0.07947976878612717,97.46200607902736,100.0,42.05202312138728,26.6733155432304,100.0,76.65000377947023
192,Shipper-192,Brand,LongTail,Home & Garden,1164,0.9759450171821306,0.9707903780068728,4257.767422680412,276,297,-0.0707070707070707,97.38831615120273,99.49470226162548,42.92929292929293,26.36785001797396,100.0,76.63120649932186
301,Shipper-301,Wholesaler,LongTail,Food & Beverage,834,0.9640287769784173,0.9784172661870504,4233.389508393286,186,213,-0.1267605633802817,96.97841726618705,100.0,37.32394366197183,32.809997424762386,100.0,76.47981352596484
72,Shipper-072,Brand,Mid,Industrial Supplies,2004,0.9720558882235529,0.9765469061876247,4308.999006986028,466,491,-0.05091649694501019,97.38522954091816,98.29212696850276,44.908350305498985,30.02623232634286,91.66666666666666,76.44087218111903
177,Shipper-177,Wholesaler,LongTail,Industrial Supplies,1245,0.9734939759036144,0.9726907630522088,4203.755140562249,288,321,-0.102803738317757,97.31726907630521,100.0,39.7196261682243,28.517659006373066,100.0,76.41675480749238
227,Shipper-227,Wholesaler,LongTail,Automotive Parts,1030,0.9679611650485437,0.9699029126213592,4327.489446601941,251,276,-0.09057971014492754,96.873786407767,97.8489024615171,40.94202898550725,31.21968939149503,100.0,76.39572074353508
332,Shipper-332,3PL,LongTail,Consumer Electronics,807,0.9578686493184635,0.9714993804213135,4216.260780669145,196,214,-0.08411214953271028,96.33209417596035,100.0,41.58878504672897,27.831629099309463,100.0,76.39212962703033
299,Shipper-299,3PL,LongTail,Apparel & Footwear,836,0.9736842105263158,0.9712918660287081,4169.291136363637,185,210,-0.11904761904761904,97.27272727272728,100.0,38.095238095238095,30.570986379832256,100.0,76.38651375784063
340,Shipper-340,Wholesaler,LongTail,Toys & Games,797,0.9799247176913425,0.973651191969887,4167.211204516939,198,224,-0.11607142857142858,97.74153074027603,100.0,38.39285714285714,28.430289834481705,100.0,76.2655741258265
104,Shipper-104,Wholesaler,LongTail,Home & Garden,1639,0.9743746186699207,0.9743746186699207,4273.521299572911,396,448,-0.11607142857142858,97.43746186699207,99.12282941596932,38.39285714285714,30.011020528582232,100.0,76.19217042194872
284,Shipper-284,3PL,LongTail,Automotive Parts,870,0.9758620689655172,0.9701149425287356,4344.651241379311,197,219,-0.1004566210045662,97.35632183908045,97.44379548347119,39.954337899543376,30.754098261272624,100.0,76.1718277416915
282,Shipper-282,Wholesaler,LongTail,Toys & Games,874,0.9679633867276888,0.9782608695652174,4306.014633867277,212,233,-0.09012875536480687,97.20823798627003,98.35581893522495,40.987124463519315,27.899974794979975,100.0,76.13384724163811
206,Shipper-206,Wholesaler,LongTail,Apparel & Footwear,1110,0.9693693693693693,0.9657657657657658,4306.009513513513,271,285,-0.04912280701754386,96.7927927927928,98.35593980201462,45.08771929824562,31.595609237755585,87.5,76.13370803365396
318,Shipper-318,Wholesaler,LongTail,Health & Beauty,818,0.9718826405867971,0.9816625916870416,4098.038973105135,183,206,-0.11165048543689321,97.57946210268949,100.0,38.83495145631068,26.380758427719996,100.0,75.99794268622698
81,Shipper-081,3PL,Mid,Consumer Electronics,1813,0.9674572531715389,0.9784886927744071,4270.858152233866,429,436,-0.016055045871559634,97.18698290126862,99.19238830672919,48.39449541284404,28.99586585145212,79.16666666666666,75.89913757401618
264,Shipper-264,3PL,LongTail,Toys & Games,902,0.9689578713968958,0.9733924611973392,4135.637849223946,209,237,-0.11814345991561181,97.07317073170732,100.0,38.18565400843882,26.91079499209641,100.0,75.79570127001442
307,Shipper-307,Brand,LongTail,Food & Beverage,824,0.9696601941747572,0.9684466019417476,4298.428131067961,191,213,-0.10328638497652583,96.91747572815534,98.53489957701309,39.671361502347416,27.2800235359133,100.0,75.73524344355634
232,Shipper-232,3PL,LongTail,Apparel & Footwear,1016,0.9616141732283464,0.9763779527559056,4246.285866141732,229,260,-0.11923076923076924,96.75196850393701,99.76572628521893,38.07692307692308,27.485925576558657,100.0,75.70529557435425
283,Shipper-283,Wholesaler,LongTail,Food & Beverage,872,0.9678899082568807,0.9655963302752294,4373.324919724771,203,222,-0.08558558558558559,96.69724770642203,96.76694860733285,41.44144144144144,27.17732483967662,100.0,75.5657984779996
185,Shipper-185,3PL,LongTail,Health & Beauty,1206,0.9660033167495854,0.9676616915422885,4309.085058043118,264,301,-0.12292358803986711,96.66666666666667,98.28334106939974,37.70764119601329,28.70275456294604,100.0,75.4177766909945
292,Shipper-292,Brand,LongTail,Sports & Outdoors,856,0.977803738317757,0.9742990654205608,4267.348376168225,192,228,-0.15789473684210525,97.64018691588785,99.26854228450208,34.21052631578947,29.33184532281533,100.0,75.35107370747207
141,Shipper-141,Wholesaler,LongTail,Health & Beauty,1388,0.978386167146974,0.9726224783861671,4205.314560518732,342,355,-0.036619718309859155,97.60806916426512,100.0,46.33802816901409,28.44712677293606,75.0,75.31709539902276
197,Shipper-197,Wholesaler,LongTail,Toys & Games,1136,0.9700704225352113,0.9744718309859155,4197.33423415493,265,316,-0.16139240506329114,97.1830985915493,100.0,33.860759493670884,28.97107877556404,100.0,75.27274329253358
249,Shipper-249,3PL,LongTail,Automotive Parts,956,0.9843096234309623,0.9811715481171548,4122.236035564853,226,269,-0.15985130111524162,98.30543933054393,100.0,34.014869888475836,26.246697655073238,100.0,75.23161042511933
78,Shipper-078,Wholesaler,Mid,Sports & Outdoors,1897,0.9710068529256721,0.977859778597786,4170.332414338429,478,504,-0.051587301587301584,97.37480231945177,100.0,44.84126984126984,28.83147233839274,75.0,75.00541551484841
276,Shipper-276,3PL,LongTail,Home & Garden,887,0.979706877113867,0.9808342728297632,4262.655659526494,207,219,-0.0547945205479452,98.01578354002254,99.37931462983185,44.52054794520548,28.556484234122404,75.0,74.93714594362417
224,Shipper-224,Brand,LongTail,Automotive Parts,1033,0.968054211035818,0.9738625363020329,4345.353281703776,239,277,-0.1371841155234657,97.0377541142304,97.42722370656791,36.28158844765343,27.79051215177838,100.0,74.89302667320854
226,Shipper-226,Wholesaler,LongTail,Home & Garden,1031,0.973811833171678,0.9670223084384093,4288.788700290979,228,276,-0.17391304347826086,97.10960232783705,98.76243992013008,32.608695652173914,27.3635492525105,100.0,74.44976219669499
298,Shipper-298,3PL,LongTail,Health & Beauty,837,0.978494623655914,0.967741935483871,4294.8194384707285,175,219,-0.2009132420091324,97.41935483870967,98.62008335713202,29.908675799086758,27.74371782087789,100.0,74.02412012384495
1,Shipper-001,Wholesaler,Top20,Consumer Electronics,48248,0.9731180567070138,0.9730351517161333,4241.819126803183,9040,12868,-0.2974821262045384,97.30848947106617,99.9751644526199,20.25178737954616,29.700345475775137,100.0,72.69174725175031
2,Shipper-002,Brand,Top20,Consumer Electronics,45490,0.9721697076280501,0.9723016047482963,4246.2762503847,8584,12182,-0.2953538006895419,97.22224664761485,99.87006259892733,20.464619931045807,29.610323548520544,100.0,72.66866216250352
4,Shipper-004,Wholesaler,Top20,Automotive Parts,30614,0.9715489645260338,0.9742928072123865,4234.08850558568,5776,8159,-0.29207010663071453,97.26465016005749,100.0,20.792989336928546,29.46051343950472,95.83333333333334,72.34040326466199
3,Shipper-003,Wholesaler,Top20,Food & Beverage,31216,0.9726422347514095,0.9751089185033316,4248.413580855971,5905,8224,-0.2819795719844358,97.36289082521783,99.81966296553692,21.80204280155642,29.48400066432252,87.5,71.69679164890924
5,Shipper-005,Brand,Top20,Apparel & Footwear,29456,0.9721279196089082,0.9733161325366648,4240.555556762629,5536,7799,-0.29016540582125916,97.26032047800108,100.0,20.983459417874084,29.661705362332647,83.33333333333334,71.15737716465837
